<?xml version="1.0" encoding="utf-8" standalone="yes"?>
<accounts count="2">
	<account>
		<username>Tussaunt</username>
		<newCryptPassword>B3-A4-EB-4C-FA-25-A0-DE-3F-AC-DE-AB-0F-BA-27-54-C5-89-AC-64</newCryptPassword>
		<accessLevel>Owner</accessLevel>
		<created>2016-05-15T00:01:06.7048019Z</created>
		<lastLogin>2016-05-15T19:01:46.2786276Z</lastLogin>
		<totalGameTime>PT31M26.4196584S</totalGameTime>
		<chars>
			<char index="0">1</char>
			<char index="1">2</char>
		</chars>
		<addressList count="1">
			<ip>127.0.0.1</ip>
		</addressList>
		<totalCurrency>0</totalCurrency>
	</account>
	<account>
		<username>ommeeks</username>
		<newCryptPassword>3E-C4-8A-CC-2E-9A-7B-A4-46-86-F5-F0-96-29-8B-EC-8D-70-09-D0</newCryptPassword>
		<accessLevel>Administrator</accessLevel>
		<created>2016-05-15T00:20:24.8909741Z</created>
		<lastLogin>2016-05-15T00:26:47.4799564Z</lastLogin>
		<totalGameTime>PT21M42.5567397S</totalGameTime>
		<chars>
			<char index="0">3</char>
		</chars>
		<addressList count="1">
			<ip>173.89.108.26</ip>
		</addressList>
		<totalCurrency>0</totalCurrency>
	</account>
</accounts>