﻿<?xml version="1.0" encoding="utf-8" standalone="yes"?>
<AllMaps>
  <Map>
    <MapID>1</MapID>
    <Mines>10</Mines>
    <Levels>10</Levels>
    <DeepMineInfo>
      <DeepLevelInfo>
        <Region>Mining_1_1/10_1/10</Region>
        <Map>1</Map>
        <X>12</X>
        <Y>12</Y>
        <Width>602</Width>
        <Height>397</Height>
        <Spots />
      </DeepLevelInfo>
      <DeepLevelInfo>
        <Region>Mining_1_1/10_2/10</Region>
        <Map>1</Map>
        <X>12</X>
        <Y>421</Y>
        <Width>602</Width>
        <Height>397</Height>
        <Spots />
      </DeepLevelInfo>
      <DeepLevelInfo>
        <Region>Mining_1_1/10_3/10</Region>
        <Map>1</Map>
        <X>12</X>
        <Y>830</Y>
        <Width>602</Width>
        <Height>397</Height>
        <Spots />
      </DeepLevelInfo>
      <DeepLevelInfo>
        <Region>Mining_1_1/10_4/10</Region>
        <Map>1</Map>
        <X>12</X>
        <Y>1239</Y>
        <Width>602</Width>
        <Height>397</Height>
        <Spots />
      </DeepLevelInfo>
      <DeepLevelInfo>
        <Region>Mining_1_1/10_5/10</Region>
        <Map>1</Map>
        <X>12</X>
        <Y>1648</Y>
        <Width>602</Width>
        <Height>397</Height>
        <Spots />
      </DeepLevelInfo>
      <DeepLevelInfo>
        <Region>Mining_1_1/10_6/10</Region>
        <Map>1</Map>
        <X>12</X>
        <Y>2057</Y>
        <Width>602</Width>
        <Height>397</Height>
        <Spots />
      </DeepLevelInfo>
      <DeepLevelInfo>
        <Region>Mining_1_1/10_7/10</Region>
        <Map>1</Map>
        <X>12</X>
        <Y>2466</Y>
        <Width>602</Width>
        <Height>397</Height>
        <Spots />
      </DeepLevelInfo>
      <DeepLevelInfo>
        <Region>Mining_1_1/10_8/10</Region>
        <Map>1</Map>
        <X>12</X>
        <Y>2875</Y>
        <Width>602</Width>
        <Height>397</Height>
        <Spots />
      </DeepLevelInfo>
      <DeepLevelInfo>
        <Region>Mining_1_1/10_9/10</Region>
        <Map>1</Map>
        <X>12</X>
        <Y>3284</Y>
        <Width>602</Width>
        <Height>397</Height>
        <Spots />
      </DeepLevelInfo>
      <DeepLevelInfo>
        <Region>Mining_1_1/10_10/10</Region>
        <Map>1</Map>
        <X>12</X>
        <Y>3693</Y>
        <Width>602</Width>
        <Height>397</Height>
        <Spots />
      </DeepLevelInfo>
      <HarvestInfo />
      <MobileDetails />
    </DeepMineInfo>
    <DeepMineInfo>
      <DeepLevelInfo>
        <Region>Mining_1_2/10_1/10</Region>
        <Map>1</Map>
        <X>626</X>
        <Y>12</Y>
        <Width>602</Width>
        <Height>397</Height>
        <Spots />
      </DeepLevelInfo>
      <DeepLevelInfo>
        <Region>Mining_1_2/10_2/10</Region>
        <Map>1</Map>
        <X>626</X>
        <Y>421</Y>
        <Width>602</Width>
        <Height>397</Height>
        <Spots />
      </DeepLevelInfo>
      <DeepLevelInfo>
        <Region>Mining_1_2/10_3/10</Region>
        <Map>1</Map>
        <X>626</X>
        <Y>830</Y>
        <Width>602</Width>
        <Height>397</Height>
        <Spots />
      </DeepLevelInfo>
      <DeepLevelInfo>
        <Region>Mining_1_2/10_4/10</Region>
        <Map>1</Map>
        <X>626</X>
        <Y>1239</Y>
        <Width>602</Width>
        <Height>397</Height>
        <Spots />
      </DeepLevelInfo>
      <DeepLevelInfo>
        <Region>Mining_1_2/10_5/10</Region>
        <Map>1</Map>
        <X>626</X>
        <Y>1648</Y>
        <Width>602</Width>
        <Height>397</Height>
        <Spots />
      </DeepLevelInfo>
      <DeepLevelInfo>
        <Region>Mining_1_2/10_6/10</Region>
        <Map>1</Map>
        <X>626</X>
        <Y>2057</Y>
        <Width>602</Width>
        <Height>397</Height>
        <Spots />
      </DeepLevelInfo>
      <DeepLevelInfo>
        <Region>Mining_1_2/10_7/10</Region>
        <Map>1</Map>
        <X>626</X>
        <Y>2466</Y>
        <Width>602</Width>
        <Height>397</Height>
        <Spots />
      </DeepLevelInfo>
      <DeepLevelInfo>
        <Region>Mining_1_2/10_8/10</Region>
        <Map>1</Map>
        <X>626</X>
        <Y>2875</Y>
        <Width>602</Width>
        <Height>397</Height>
        <Spots />
      </DeepLevelInfo>
      <DeepLevelInfo>
        <Region>Mining_1_2/10_9/10</Region>
        <Map>1</Map>
        <X>626</X>
        <Y>3284</Y>
        <Width>602</Width>
        <Height>397</Height>
        <Spots />
      </DeepLevelInfo>
      <DeepLevelInfo>
        <Region>Mining_1_2/10_10/10</Region>
        <Map>1</Map>
        <X>626</X>
        <Y>3693</Y>
        <Width>602</Width>
        <Height>397</Height>
        <Spots />
      </DeepLevelInfo>
      <HarvestInfo />
      <MobileDetails />
    </DeepMineInfo>
    <DeepMineInfo>
      <DeepLevelInfo>
        <Region>Mining_1_3/10_1/10</Region>
        <Map>1</Map>
        <X>1240</X>
        <Y>12</Y>
        <Width>602</Width>
        <Height>397</Height>
        <Spots />
      </DeepLevelInfo>
      <DeepLevelInfo>
        <Region>Mining_1_3/10_2/10</Region>
        <Map>1</Map>
        <X>1240</X>
        <Y>421</Y>
        <Width>602</Width>
        <Height>397</Height>
        <Spots />
      </DeepLevelInfo>
      <DeepLevelInfo>
        <Region>Mining_1_3/10_3/10</Region>
        <Map>1</Map>
        <X>1240</X>
        <Y>830</Y>
        <Width>602</Width>
        <Height>397</Height>
        <Spots />
      </DeepLevelInfo>
      <DeepLevelInfo>
        <Region>Mining_1_3/10_4/10</Region>
        <Map>1</Map>
        <X>1240</X>
        <Y>1239</Y>
        <Width>602</Width>
        <Height>397</Height>
        <Spots />
      </DeepLevelInfo>
      <DeepLevelInfo>
        <Region>Mining_1_3/10_5/10</Region>
        <Map>1</Map>
        <X>1240</X>
        <Y>1648</Y>
        <Width>602</Width>
        <Height>397</Height>
        <Spots />
      </DeepLevelInfo>
      <DeepLevelInfo>
        <Region>Mining_1_3/10_6/10</Region>
        <Map>1</Map>
        <X>1240</X>
        <Y>2057</Y>
        <Width>602</Width>
        <Height>397</Height>
        <Spots />
      </DeepLevelInfo>
      <DeepLevelInfo>
        <Region>Mining_1_3/10_7/10</Region>
        <Map>1</Map>
        <X>1240</X>
        <Y>2466</Y>
        <Width>602</Width>
        <Height>397</Height>
        <Spots />
      </DeepLevelInfo>
      <DeepLevelInfo>
        <Region>Mining_1_3/10_8/10</Region>
        <Map>1</Map>
        <X>1240</X>
        <Y>2875</Y>
        <Width>602</Width>
        <Height>397</Height>
        <Spots />
      </DeepLevelInfo>
      <DeepLevelInfo>
        <Region>Mining_1_3/10_9/10</Region>
        <Map>1</Map>
        <X>1240</X>
        <Y>3284</Y>
        <Width>602</Width>
        <Height>397</Height>
        <Spots />
      </DeepLevelInfo>
      <DeepLevelInfo>
        <Region>Mining_1_3/10_10/10</Region>
        <Map>1</Map>
        <X>1240</X>
        <Y>3693</Y>
        <Width>602</Width>
        <Height>397</Height>
        <Spots />
      </DeepLevelInfo>
      <HarvestInfo />
      <MobileDetails />
    </DeepMineInfo>
    <DeepMineInfo>
      <DeepLevelInfo>
        <Region>Mining_1_4/10_1/10</Region>
        <Map>1</Map>
        <X>1854</X>
        <Y>12</Y>
        <Width>602</Width>
        <Height>397</Height>
        <Spots />
      </DeepLevelInfo>
      <DeepLevelInfo>
        <Region>Mining_1_4/10_2/10</Region>
        <Map>1</Map>
        <X>1854</X>
        <Y>421</Y>
        <Width>602</Width>
        <Height>397</Height>
        <Spots />
      </DeepLevelInfo>
      <DeepLevelInfo>
        <Region>Mining_1_4/10_3/10</Region>
        <Map>1</Map>
        <X>1854</X>
        <Y>830</Y>
        <Width>602</Width>
        <Height>397</Height>
        <Spots />
      </DeepLevelInfo>
      <DeepLevelInfo>
        <Region>Mining_1_4/10_4/10</Region>
        <Map>1</Map>
        <X>1854</X>
        <Y>1239</Y>
        <Width>602</Width>
        <Height>397</Height>
        <Spots />
      </DeepLevelInfo>
      <DeepLevelInfo>
        <Region>Mining_1_4/10_5/10</Region>
        <Map>1</Map>
        <X>1854</X>
        <Y>1648</Y>
        <Width>602</Width>
        <Height>397</Height>
        <Spots />
      </DeepLevelInfo>
      <DeepLevelInfo>
        <Region>Mining_1_4/10_6/10</Region>
        <Map>1</Map>
        <X>1854</X>
        <Y>2057</Y>
        <Width>602</Width>
        <Height>397</Height>
        <Spots />
      </DeepLevelInfo>
      <DeepLevelInfo>
        <Region>Mining_1_4/10_7/10</Region>
        <Map>1</Map>
        <X>1854</X>
        <Y>2466</Y>
        <Width>602</Width>
        <Height>397</Height>
        <Spots />
      </DeepLevelInfo>
      <DeepLevelInfo>
        <Region>Mining_1_4/10_8/10</Region>
        <Map>1</Map>
        <X>1854</X>
        <Y>2875</Y>
        <Width>602</Width>
        <Height>397</Height>
        <Spots />
      </DeepLevelInfo>
      <DeepLevelInfo>
        <Region>Mining_1_4/10_9/10</Region>
        <Map>1</Map>
        <X>1854</X>
        <Y>3284</Y>
        <Width>602</Width>
        <Height>397</Height>
        <Spots />
      </DeepLevelInfo>
      <DeepLevelInfo>
        <Region>Mining_1_4/10_10/10</Region>
        <Map>1</Map>
        <X>1854</X>
        <Y>3693</Y>
        <Width>602</Width>
        <Height>397</Height>
        <Spots />
      </DeepLevelInfo>
      <HarvestInfo />
      <MobileDetails />
    </DeepMineInfo>
    <DeepMineInfo>
      <DeepLevelInfo>
        <Region>Mining_1_5/10_1/10</Region>
        <Map>1</Map>
        <X>2468</X>
        <Y>12</Y>
        <Width>602</Width>
        <Height>397</Height>
        <Spots />
      </DeepLevelInfo>
      <DeepLevelInfo>
        <Region>Mining_1_5/10_2/10</Region>
        <Map>1</Map>
        <X>2468</X>
        <Y>421</Y>
        <Width>602</Width>
        <Height>397</Height>
        <Spots />
      </DeepLevelInfo>
      <DeepLevelInfo>
        <Region>Mining_1_5/10_3/10</Region>
        <Map>1</Map>
        <X>2468</X>
        <Y>830</Y>
        <Width>602</Width>
        <Height>397</Height>
        <Spots />
      </DeepLevelInfo>
      <DeepLevelInfo>
        <Region>Mining_1_5/10_4/10</Region>
        <Map>1</Map>
        <X>2468</X>
        <Y>1239</Y>
        <Width>602</Width>
        <Height>397</Height>
        <Spots />
      </DeepLevelInfo>
      <DeepLevelInfo>
        <Region>Mining_1_5/10_5/10</Region>
        <Map>1</Map>
        <X>2468</X>
        <Y>1648</Y>
        <Width>602</Width>
        <Height>397</Height>
        <Spots />
      </DeepLevelInfo>
      <DeepLevelInfo>
        <Region>Mining_1_5/10_6/10</Region>
        <Map>1</Map>
        <X>2468</X>
        <Y>2057</Y>
        <Width>602</Width>
        <Height>397</Height>
        <Spots />
      </DeepLevelInfo>
      <DeepLevelInfo>
        <Region>Mining_1_5/10_7/10</Region>
        <Map>1</Map>
        <X>2468</X>
        <Y>2466</Y>
        <Width>602</Width>
        <Height>397</Height>
        <Spots />
      </DeepLevelInfo>
      <DeepLevelInfo>
        <Region>Mining_1_5/10_8/10</Region>
        <Map>1</Map>
        <X>2468</X>
        <Y>2875</Y>
        <Width>602</Width>
        <Height>397</Height>
        <Spots />
      </DeepLevelInfo>
      <DeepLevelInfo>
        <Region>Mining_1_5/10_9/10</Region>
        <Map>1</Map>
        <X>2468</X>
        <Y>3284</Y>
        <Width>602</Width>
        <Height>397</Height>
        <Spots />
      </DeepLevelInfo>
      <DeepLevelInfo>
        <Region>Mining_1_5/10_10/10</Region>
        <Map>1</Map>
        <X>2468</X>
        <Y>3693</Y>
        <Width>602</Width>
        <Height>397</Height>
        <Spots />
      </DeepLevelInfo>
      <HarvestInfo />
      <MobileDetails />
    </DeepMineInfo>
    <DeepMineInfo>
      <DeepLevelInfo>
        <Region>Mining_1_6/10_1/10</Region>
        <Map>1</Map>
        <X>3082</X>
        <Y>12</Y>
        <Width>602</Width>
        <Height>397</Height>
        <Spots />
      </DeepLevelInfo>
      <DeepLevelInfo>
        <Region>Mining_1_6/10_2/10</Region>
        <Map>1</Map>
        <X>3082</X>
        <Y>421</Y>
        <Width>602</Width>
        <Height>397</Height>
        <Spots />
      </DeepLevelInfo>
      <DeepLevelInfo>
        <Region>Mining_1_6/10_3/10</Region>
        <Map>1</Map>
        <X>3082</X>
        <Y>830</Y>
        <Width>602</Width>
        <Height>397</Height>
        <Spots />
      </DeepLevelInfo>
      <DeepLevelInfo>
        <Region>Mining_1_6/10_4/10</Region>
        <Map>1</Map>
        <X>3082</X>
        <Y>1239</Y>
        <Width>602</Width>
        <Height>397</Height>
        <Spots />
      </DeepLevelInfo>
      <DeepLevelInfo>
        <Region>Mining_1_6/10_5/10</Region>
        <Map>1</Map>
        <X>3082</X>
        <Y>1648</Y>
        <Width>602</Width>
        <Height>397</Height>
        <Spots />
      </DeepLevelInfo>
      <DeepLevelInfo>
        <Region>Mining_1_6/10_6/10</Region>
        <Map>1</Map>
        <X>3082</X>
        <Y>2057</Y>
        <Width>602</Width>
        <Height>397</Height>
        <Spots />
      </DeepLevelInfo>
      <DeepLevelInfo>
        <Region>Mining_1_6/10_7/10</Region>
        <Map>1</Map>
        <X>3082</X>
        <Y>2466</Y>
        <Width>602</Width>
        <Height>397</Height>
        <Spots />
      </DeepLevelInfo>
      <DeepLevelInfo>
        <Region>Mining_1_6/10_8/10</Region>
        <Map>1</Map>
        <X>3082</X>
        <Y>2875</Y>
        <Width>602</Width>
        <Height>397</Height>
        <Spots />
      </DeepLevelInfo>
      <DeepLevelInfo>
        <Region>Mining_1_6/10_9/10</Region>
        <Map>1</Map>
        <X>3082</X>
        <Y>3284</Y>
        <Width>602</Width>
        <Height>397</Height>
        <Spots />
      </DeepLevelInfo>
      <DeepLevelInfo>
        <Region>Mining_1_6/10_10/10</Region>
        <Map>1</Map>
        <X>3082</X>
        <Y>3693</Y>
        <Width>602</Width>
        <Height>397</Height>
        <Spots />
      </DeepLevelInfo>
      <HarvestInfo />
      <MobileDetails />
    </DeepMineInfo>
    <DeepMineInfo>
      <DeepLevelInfo>
        <Region>Mining_1_7/10_1/10</Region>
        <Map>1</Map>
        <X>3696</X>
        <Y>12</Y>
        <Width>602</Width>
        <Height>397</Height>
        <Spots />
      </DeepLevelInfo>
      <DeepLevelInfo>
        <Region>Mining_1_7/10_2/10</Region>
        <Map>1</Map>
        <X>3696</X>
        <Y>421</Y>
        <Width>602</Width>
        <Height>397</Height>
        <Spots />
      </DeepLevelInfo>
      <DeepLevelInfo>
        <Region>Mining_1_7/10_3/10</Region>
        <Map>1</Map>
        <X>3696</X>
        <Y>830</Y>
        <Width>602</Width>
        <Height>397</Height>
        <Spots />
      </DeepLevelInfo>
      <DeepLevelInfo>
        <Region>Mining_1_7/10_4/10</Region>
        <Map>1</Map>
        <X>3696</X>
        <Y>1239</Y>
        <Width>602</Width>
        <Height>397</Height>
        <Spots />
      </DeepLevelInfo>
      <DeepLevelInfo>
        <Region>Mining_1_7/10_5/10</Region>
        <Map>1</Map>
        <X>3696</X>
        <Y>1648</Y>
        <Width>602</Width>
        <Height>397</Height>
        <Spots />
      </DeepLevelInfo>
      <DeepLevelInfo>
        <Region>Mining_1_7/10_6/10</Region>
        <Map>1</Map>
        <X>3696</X>
        <Y>2057</Y>
        <Width>602</Width>
        <Height>397</Height>
        <Spots />
      </DeepLevelInfo>
      <DeepLevelInfo>
        <Region>Mining_1_7/10_7/10</Region>
        <Map>1</Map>
        <X>3696</X>
        <Y>2466</Y>
        <Width>602</Width>
        <Height>397</Height>
        <Spots />
      </DeepLevelInfo>
      <DeepLevelInfo>
        <Region>Mining_1_7/10_8/10</Region>
        <Map>1</Map>
        <X>3696</X>
        <Y>2875</Y>
        <Width>602</Width>
        <Height>397</Height>
        <Spots />
      </DeepLevelInfo>
      <DeepLevelInfo>
        <Region>Mining_1_7/10_9/10</Region>
        <Map>1</Map>
        <X>3696</X>
        <Y>3284</Y>
        <Width>602</Width>
        <Height>397</Height>
        <Spots />
      </DeepLevelInfo>
      <DeepLevelInfo>
        <Region>Mining_1_7/10_10/10</Region>
        <Map>1</Map>
        <X>3696</X>
        <Y>3693</Y>
        <Width>602</Width>
        <Height>397</Height>
        <Spots />
      </DeepLevelInfo>
      <HarvestInfo />
      <MobileDetails />
    </DeepMineInfo>
    <DeepMineInfo>
      <DeepLevelInfo>
        <Region>Mining_1_8/10_1/10</Region>
        <Map>1</Map>
        <X>4310</X>
        <Y>12</Y>
        <Width>602</Width>
        <Height>397</Height>
        <Spots />
      </DeepLevelInfo>
      <DeepLevelInfo>
        <Region>Mining_1_8/10_2/10</Region>
        <Map>1</Map>
        <X>4310</X>
        <Y>421</Y>
        <Width>602</Width>
        <Height>397</Height>
        <Spots />
      </DeepLevelInfo>
      <DeepLevelInfo>
        <Region>Mining_1_8/10_3/10</Region>
        <Map>1</Map>
        <X>4310</X>
        <Y>830</Y>
        <Width>602</Width>
        <Height>397</Height>
        <Spots />
      </DeepLevelInfo>
      <DeepLevelInfo>
        <Region>Mining_1_8/10_4/10</Region>
        <Map>1</Map>
        <X>4310</X>
        <Y>1239</Y>
        <Width>602</Width>
        <Height>397</Height>
        <Spots />
      </DeepLevelInfo>
      <DeepLevelInfo>
        <Region>Mining_1_8/10_5/10</Region>
        <Map>1</Map>
        <X>4310</X>
        <Y>1648</Y>
        <Width>602</Width>
        <Height>397</Height>
        <Spots />
      </DeepLevelInfo>
      <DeepLevelInfo>
        <Region>Mining_1_8/10_6/10</Region>
        <Map>1</Map>
        <X>4310</X>
        <Y>2057</Y>
        <Width>602</Width>
        <Height>397</Height>
        <Spots />
      </DeepLevelInfo>
      <DeepLevelInfo>
        <Region>Mining_1_8/10_7/10</Region>
        <Map>1</Map>
        <X>4310</X>
        <Y>2466</Y>
        <Width>602</Width>
        <Height>397</Height>
        <Spots />
      </DeepLevelInfo>
      <DeepLevelInfo>
        <Region>Mining_1_8/10_8/10</Region>
        <Map>1</Map>
        <X>4310</X>
        <Y>2875</Y>
        <Width>602</Width>
        <Height>397</Height>
        <Spots />
      </DeepLevelInfo>
      <DeepLevelInfo>
        <Region>Mining_1_8/10_9/10</Region>
        <Map>1</Map>
        <X>4310</X>
        <Y>3284</Y>
        <Width>602</Width>
        <Height>397</Height>
        <Spots />
      </DeepLevelInfo>
      <DeepLevelInfo>
        <Region>Mining_1_8/10_10/10</Region>
        <Map>1</Map>
        <X>4310</X>
        <Y>3693</Y>
        <Width>602</Width>
        <Height>397</Height>
        <Spots />
      </DeepLevelInfo>
      <HarvestInfo />
      <MobileDetails />
    </DeepMineInfo>
    <DeepMineInfo>
      <DeepLevelInfo>
        <Region>Mining_1_9/10_1/10</Region>
        <Map>1</Map>
        <X>4924</X>
        <Y>12</Y>
        <Width>602</Width>
        <Height>397</Height>
        <Spots />
      </DeepLevelInfo>
      <DeepLevelInfo>
        <Region>Mining_1_9/10_2/10</Region>
        <Map>1</Map>
        <X>4924</X>
        <Y>421</Y>
        <Width>602</Width>
        <Height>397</Height>
        <Spots />
      </DeepLevelInfo>
      <DeepLevelInfo>
        <Region>Mining_1_9/10_3/10</Region>
        <Map>1</Map>
        <X>4924</X>
        <Y>830</Y>
        <Width>602</Width>
        <Height>397</Height>
        <Spots />
      </DeepLevelInfo>
      <DeepLevelInfo>
        <Region>Mining_1_9/10_4/10</Region>
        <Map>1</Map>
        <X>4924</X>
        <Y>1239</Y>
        <Width>602</Width>
        <Height>397</Height>
        <Spots />
      </DeepLevelInfo>
      <DeepLevelInfo>
        <Region>Mining_1_9/10_5/10</Region>
        <Map>1</Map>
        <X>4924</X>
        <Y>1648</Y>
        <Width>602</Width>
        <Height>397</Height>
        <Spots />
      </DeepLevelInfo>
      <DeepLevelInfo>
        <Region>Mining_1_9/10_6/10</Region>
        <Map>1</Map>
        <X>4924</X>
        <Y>2057</Y>
        <Width>602</Width>
        <Height>397</Height>
        <Spots />
      </DeepLevelInfo>
      <DeepLevelInfo>
        <Region>Mining_1_9/10_7/10</Region>
        <Map>1</Map>
        <X>4924</X>
        <Y>2466</Y>
        <Width>602</Width>
        <Height>397</Height>
        <Spots />
      </DeepLevelInfo>
      <DeepLevelInfo>
        <Region>Mining_1_9/10_8/10</Region>
        <Map>1</Map>
        <X>4924</X>
        <Y>2875</Y>
        <Width>602</Width>
        <Height>397</Height>
        <Spots />
      </DeepLevelInfo>
      <DeepLevelInfo>
        <Region>Mining_1_9/10_9/10</Region>
        <Map>1</Map>
        <X>4924</X>
        <Y>3284</Y>
        <Width>602</Width>
        <Height>397</Height>
        <Spots />
      </DeepLevelInfo>
      <DeepLevelInfo>
        <Region>Mining_1_9/10_10/10</Region>
        <Map>1</Map>
        <X>4924</X>
        <Y>3693</Y>
        <Width>602</Width>
        <Height>397</Height>
        <Spots />
      </DeepLevelInfo>
      <HarvestInfo />
      <MobileDetails />
    </DeepMineInfo>
    <DeepMineInfo>
      <DeepLevelInfo>
        <Region>Mining_1_10/10_1/10</Region>
        <Map>1</Map>
        <X>5538</X>
        <Y>12</Y>
        <Width>602</Width>
        <Height>397</Height>
        <Spots />
      </DeepLevelInfo>
      <DeepLevelInfo>
        <Region>Mining_1_10/10_2/10</Region>
        <Map>1</Map>
        <X>5538</X>
        <Y>421</Y>
        <Width>602</Width>
        <Height>397</Height>
        <Spots />
      </DeepLevelInfo>
      <DeepLevelInfo>
        <Region>Mining_1_10/10_3/10</Region>
        <Map>1</Map>
        <X>5538</X>
        <Y>830</Y>
        <Width>602</Width>
        <Height>397</Height>
        <Spots />
      </DeepLevelInfo>
      <DeepLevelInfo>
        <Region>Mining_1_10/10_4/10</Region>
        <Map>1</Map>
        <X>5538</X>
        <Y>1239</Y>
        <Width>602</Width>
        <Height>397</Height>
        <Spots />
      </DeepLevelInfo>
      <DeepLevelInfo>
        <Region>Mining_1_10/10_5/10</Region>
        <Map>1</Map>
        <X>5538</X>
        <Y>1648</Y>
        <Width>602</Width>
        <Height>397</Height>
        <Spots />
      </DeepLevelInfo>
      <DeepLevelInfo>
        <Region>Mining_1_10/10_6/10</Region>
        <Map>1</Map>
        <X>5538</X>
        <Y>2057</Y>
        <Width>602</Width>
        <Height>397</Height>
        <Spots />
      </DeepLevelInfo>
      <DeepLevelInfo>
        <Region>Mining_1_10/10_7/10</Region>
        <Map>1</Map>
        <X>5538</X>
        <Y>2466</Y>
        <Width>602</Width>
        <Height>397</Height>
        <Spots />
      </DeepLevelInfo>
      <DeepLevelInfo>
        <Region>Mining_1_10/10_8/10</Region>
        <Map>1</Map>
        <X>5538</X>
        <Y>2875</Y>
        <Width>602</Width>
        <Height>397</Height>
        <Spots />
      </DeepLevelInfo>
      <DeepLevelInfo>
        <Region>Mining_1_10/10_9/10</Region>
        <Map>1</Map>
        <X>5538</X>
        <Y>3284</Y>
        <Width>602</Width>
        <Height>397</Height>
        <Spots />
      </DeepLevelInfo>
      <DeepLevelInfo>
        <Region>Mining_1_10/10_10/10</Region>
        <Map>1</Map>
        <X>5538</X>
        <Y>3693</Y>
        <Width>602</Width>
        <Height>397</Height>
        <Spots />
      </DeepLevelInfo>
      <HarvestInfo />
      <MobileDetails />
    </DeepMineInfo>
  </Map>
</AllMaps>