<Spawns>
  <Points>
    <Name>Escorts</Name>
    <UniqueId>e256889f-32cd-44d8-93f4-6a0168fe3603</UniqueId>
    <Map>Felucca</Map>
    <X>449</X>
    <Y>796</Y>
    <Width>240</Width>
    <Height>240</Height>
    <CentreX>569</CentreX>
    <CentreY>916</CentreY>
    <CentreZ>0</CentreZ>
    <Range>5</Range>
    <MaxCount>8</MaxCount>
    <MinDelay>30</MinDelay>
    <MaxDelay>45</MaxDelay>
    <DelayInSec>False</DelayInSec>
    <Duration>0</Duration>
    <DespawnTime>0</DespawnTime>
    <ProximityRange>-1</ProximityRange>
    <ProximityTriggerSound>500</ProximityTriggerSound>
    <TriggerProbability>1</TriggerProbability>
    <InContainer>False</InContainer>
    <MinRefractory>0</MinRefractory>
    <MaxRefractory>0</MaxRefractory>
    <TODStart>0</TODStart>
    <TODEnd>0</TODEnd>
    <TODMode>0</TODMode>
    <KillReset>1</KillReset>
    <ExternalTriggering>False</ExternalTriggering>
    <SequentialSpawning>-1</SequentialSpawning>
    <AllowGhostTriggering>False</AllowGhostTriggering>
    <AllowNPCTriggering>False</AllowNPCTriggering>
    <SpawnOnTrigger>False</SpawnOnTrigger>
    <SmartSpawning>False</SmartSpawning>
    <Team>0</Team>
    <Amount>1</Amount>
    <IsGroup>False</IsGroup>
    <IsRunning>True</IsRunning>
    <IsHomeRangeRelative>True</IsHomeRangeRelative>
    <Objects2>Escortablemage:MX=0:SB=0:RT=0:TO=0:KL=0:RK=0:CA=1:DN=-1:DX=-1:SP=1:PR=-1:OBJ=SeekerOfAdventure:MX=1:SB=0:RT=0:TO=0:KL=0:RK=0:CA=1:DN=-1:DX=-1:SP=1:PR=-1:OBJ=Noble:MX=2:SB=0:RT=0:TO=0:KL=0:RK=0:CA=1:DN=-1:DX=-1:SP=1:PR=-1:OBJ=Peasant:MX=2:SB=0:RT=0:TO=0:KL=0:RK=0:CA=1:DN=-1:DX=-1:SP=1:PR=-1:OBJ=Merchant:MX=1:SB=0:RT=0:TO=0:KL=0:RK=0:CA=1:DN=-1:DX=-1:SP=1:PR=-1:OBJ=BrideGroom:MX=1:SB=0:RT=0:TO=0:KL=0:RK=0:CA=1:DN=-1:DX=-1:SP=1:PR=-1:OBJ=Messenger:MX=1:SB=0:RT=0:TO=0:KL=0:RK=0:CA=1:DN=-1:DX=-1:SP=1:PR=-1:OBJ=EscortableHealer1:MX=1:SB=0:RT=0:TO=0:KL=0:RK=0:CA=1:DN=-1:DX=-1:SP=1:PR=-1</Objects2>
  </Points>
  <Points>
    <Name>Escorts</Name>
    <UniqueId>3cb1d616-d50e-4528-b4d1-b808e7a25859</UniqueId>
    <Map>Felucca</Map>
    <X>3600</X>
    <Y>2566</Y>
    <Width>80</Width>
    <Height>80</Height>
    <CentreX>3640</CentreX>
    <CentreY>2606</CentreY>
    <CentreZ>0</CentreZ>
    <Range>5</Range>
    <MaxCount>3</MaxCount>
    <MinDelay>15</MinDelay>
    <MaxDelay>30</MaxDelay>
    <DelayInSec>False</DelayInSec>
    <Duration>0</Duration>
    <DespawnTime>0</DespawnTime>
    <ProximityRange>-1</ProximityRange>
    <ProximityTriggerSound>500</ProximityTriggerSound>
    <TriggerProbability>1</TriggerProbability>
    <InContainer>False</InContainer>
    <MinRefractory>0</MinRefractory>
    <MaxRefractory>0</MaxRefractory>
    <TODStart>0</TODStart>
    <TODEnd>0</TODEnd>
    <TODMode>0</TODMode>
    <KillReset>1</KillReset>
    <ExternalTriggering>False</ExternalTriggering>
    <SequentialSpawning>-1</SequentialSpawning>
    <AllowGhostTriggering>False</AllowGhostTriggering>
    <AllowNPCTriggering>False</AllowNPCTriggering>
    <SpawnOnTrigger>False</SpawnOnTrigger>
    <SmartSpawning>False</SmartSpawning>
    <Team>0</Team>
    <Amount>1</Amount>
    <IsGroup>False</IsGroup>
    <IsRunning>True</IsRunning>
    <IsHomeRangeRelative>True</IsHomeRangeRelative>
    <Objects2>Escortablemage:MX=1:SB=0:RT=0:TO=0:KL=0:RK=0:CA=1:DN=-1:DX=-1:SP=1:PR=-1:OBJ=SeekerOfAdventure:MX=1:SB=0:RT=0:TO=0:KL=0:RK=0:CA=1:DN=-1:DX=-1:SP=1:PR=-1:OBJ=Noble:MX=1:SB=0:RT=0:TO=0:KL=0:RK=0:CA=1:DN=-1:DX=-1:SP=1:PR=-1:OBJ=Peasant:MX=1:SB=0:RT=0:TO=0:KL=0:RK=0:CA=1:DN=-1:DX=-1:SP=1:PR=-1:OBJ=Merchant:MX=1:SB=0:RT=0:TO=0:KL=0:RK=0:CA=1:DN=-1:DX=-1:SP=1:PR=-1:OBJ=BrideGroom:MX=1:SB=0:RT=0:TO=0:KL=0:RK=0:CA=1:DN=-1:DX=-1:SP=1:PR=-1:OBJ=Messenger:MX=1:SB=0:RT=0:TO=0:KL=0:RK=0:CA=1:DN=-1:DX=-1:SP=1:PR=-1:OBJ=EscortableHealer1:MX=1:SB=0:RT=0:TO=0:KL=0:RK=0:CA=1:DN=-1:DX=-1:SP=1:PR=-1</Objects2>
  </Points>
  <Points>
    <Name>Escorts</Name>
    <UniqueId>adf23892-a5ea-4a7c-a266-cf5a626208ac</UniqueId>
    <Map>Felucca</Map>
    <X>2206</X>
    <Y>1178</Y>
    <Width>60</Width>
    <Height>60</Height>
    <CentreX>2236</CentreX>
    <CentreY>1208</CentreY>
    <CentreZ>0</CentreZ>
    <Range>5</Range>
    <MaxCount>3</MaxCount>
    <MinDelay>15</MinDelay>
    <MaxDelay>30</MaxDelay>
    <DelayInSec>False</DelayInSec>
    <Duration>0</Duration>
    <DespawnTime>0</DespawnTime>
    <ProximityRange>-1</ProximityRange>
    <ProximityTriggerSound>500</ProximityTriggerSound>
    <TriggerProbability>1</TriggerProbability>
    <InContainer>False</InContainer>
    <MinRefractory>0</MinRefractory>
    <MaxRefractory>0</MaxRefractory>
    <TODStart>0</TODStart>
    <TODEnd>0</TODEnd>
    <TODMode>0</TODMode>
    <KillReset>1</KillReset>
    <ExternalTriggering>False</ExternalTriggering>
    <SequentialSpawning>-1</SequentialSpawning>
    <AllowGhostTriggering>False</AllowGhostTriggering>
    <AllowNPCTriggering>False</AllowNPCTriggering>
    <SpawnOnTrigger>False</SpawnOnTrigger>
    <SmartSpawning>False</SmartSpawning>
    <Team>0</Team>
    <Amount>1</Amount>
    <IsGroup>False</IsGroup>
    <IsRunning>True</IsRunning>
    <IsHomeRangeRelative>True</IsHomeRangeRelative>
    <Objects2>Escortablemage:MX=0:SB=0:RT=0:TO=0:KL=0:RK=0:CA=1:DN=-1:DX=-1:SP=1:PR=-1:OBJ=SeekerOfAdventure:MX=1:SB=0:RT=0:TO=0:KL=0:RK=0:CA=1:DN=-1:DX=-1:SP=1:PR=-1:OBJ=Noble:MX=1:SB=0:RT=0:TO=0:KL=0:RK=0:CA=1:DN=-1:DX=-1:SP=1:PR=-1:OBJ=Peasant:MX=1:SB=0:RT=0:TO=0:KL=0:RK=0:CA=1:DN=-1:DX=-1:SP=1:PR=-1:OBJ=Merchant:MX=1:SB=0:RT=0:TO=0:KL=0:RK=0:CA=1:DN=-1:DX=-1:SP=1:PR=-1:OBJ=BrideGroom:MX=1:SB=0:RT=0:TO=0:KL=0:RK=0:CA=1:DN=-1:DX=-1:SP=1:PR=-1:OBJ=Messenger:MX=1:SB=0:RT=0:TO=0:KL=0:RK=0:CA=1:DN=-1:DX=-1:SP=1:PR=-1:OBJ=EscortableHealer1:MX=1:SB=0:RT=0:TO=0:KL=0:RK=0:CA=1:DN=-1:DX=-1:SP=1:PR=-1</Objects2>
  </Points>
  <Points>
    <Name>Escorts</Name>
    <UniqueId>6ba1532e-0ffe-4df6-af12-0e2893b4488f</UniqueId>
    <Map>Trammel</Map>
    <X>1435</X>
    <Y>3701</Y>
    <Width>40</Width>
    <Height>40</Height>
    <CentreX>1455</CentreX>
    <CentreY>3721</CentreY>
    <CentreZ>0</CentreZ>
    <Range>5</Range>
    <MaxCount>1</MaxCount>
    <MinDelay>15</MinDelay>
    <MaxDelay>30</MaxDelay>
    <DelayInSec>False</DelayInSec>
    <Duration>0</Duration>
    <DespawnTime>0</DespawnTime>
    <ProximityRange>-1</ProximityRange>
    <ProximityTriggerSound>500</ProximityTriggerSound>
    <TriggerProbability>1</TriggerProbability>
    <InContainer>False</InContainer>
    <MinRefractory>0</MinRefractory>
    <MaxRefractory>0</MaxRefractory>
    <TODStart>0</TODStart>
    <TODEnd>0</TODEnd>
    <TODMode>0</TODMode>
    <KillReset>1</KillReset>
    <ExternalTriggering>False</ExternalTriggering>
    <SequentialSpawning>-1</SequentialSpawning>
    <AllowGhostTriggering>False</AllowGhostTriggering>
    <AllowNPCTriggering>False</AllowNPCTriggering>
    <SpawnOnTrigger>False</SpawnOnTrigger>
    <SmartSpawning>False</SmartSpawning>
    <Team>0</Team>
    <Amount>1</Amount>
    <IsGroup>False</IsGroup>
    <IsRunning>True</IsRunning>
    <IsHomeRangeRelative>True</IsHomeRangeRelative>
    <Objects2>Escortablemage:MX=0:SB=0:RT=0:TO=0:KL=0:RK=0:CA=1:DN=-1:DX=-1:SP=1:PR=-1:OBJ=SeekerOfAdventure:MX=1:SB=0:RT=0:TO=0:KL=0:RK=0:CA=1:DN=-1:DX=-1:SP=1:PR=-1:OBJ=Noble:MX=1:SB=0:RT=0:TO=0:KL=0:RK=0:CA=1:DN=-1:DX=-1:SP=1:PR=-1:OBJ=Peasant:MX=1:SB=0:RT=0:TO=0:KL=0:RK=0:CA=1:DN=-1:DX=-1:SP=1:PR=-1:OBJ=Merchant:MX=1:SB=0:RT=0:TO=0:KL=0:RK=0:CA=1:DN=-1:DX=-1:SP=1:PR=-1:OBJ=BrideGroom:MX=1:SB=0:RT=0:TO=0:KL=0:RK=0:CA=1:DN=-1:DX=-1:SP=1:PR=-1:OBJ=Messenger:MX=1:SB=0:RT=0:TO=0:KL=0:RK=0:CA=1:DN=-1:DX=-1:SP=1:PR=-1:OBJ=EscortableHealer1:MX=1:SB=0:RT=0:TO=0:KL=0:RK=0:CA=1:DN=-1:DX=-1:SP=1:PR=-1</Objects2>
  </Points>
  <Points>
    <Name>Escorts</Name>
    <UniqueId>85953b54-eb3b-4a81-943f-66d4feb125e1</UniqueId>
    <Map>Felucca</Map>
    <X>2830</X>
    <Y>645</Y>
    <Width>150</Width>
    <Height>150</Height>
    <CentreX>2905</CentreX>
    <CentreY>720</CentreY>
    <CentreZ>0</CentreZ>
    <Range>5</Range>
    <MaxCount>8</MaxCount>
    <MinDelay>30</MinDelay>
    <MaxDelay>45</MaxDelay>
    <DelayInSec>False</DelayInSec>
    <Duration>0</Duration>
    <DespawnTime>0</DespawnTime>
    <ProximityRange>-1</ProximityRange>
    <ProximityTriggerSound>500</ProximityTriggerSound>
    <TriggerProbability>1</TriggerProbability>
    <InContainer>False</InContainer>
    <MinRefractory>0</MinRefractory>
    <MaxRefractory>0</MaxRefractory>
    <TODStart>0</TODStart>
    <TODEnd>0</TODEnd>
    <TODMode>0</TODMode>
    <KillReset>1</KillReset>
    <ExternalTriggering>False</ExternalTriggering>
    <SequentialSpawning>-1</SequentialSpawning>
    <AllowGhostTriggering>False</AllowGhostTriggering>
    <AllowNPCTriggering>False</AllowNPCTriggering>
    <SpawnOnTrigger>False</SpawnOnTrigger>
    <SmartSpawning>False</SmartSpawning>
    <Team>0</Team>
    <Amount>1</Amount>
    <IsGroup>False</IsGroup>
    <IsRunning>True</IsRunning>
    <IsHomeRangeRelative>True</IsHomeRangeRelative>
    <Objects2>Escortablemage:MX=1:SB=0:RT=0:TO=0:KL=0:RK=0:CA=1:DN=-1:DX=-1:SP=1:PR=-1:OBJ=SeekerOfAdventure:MX=1:SB=0:RT=0:TO=0:KL=0:RK=0:CA=1:DN=-1:DX=-1:SP=1:PR=-1:OBJ=Noble:MX=2:SB=0:RT=0:TO=0:KL=0:RK=0:CA=1:DN=-1:DX=-1:SP=1:PR=-1:OBJ=Peasant:MX=2:SB=0:RT=0:TO=0:KL=0:RK=0:CA=1:DN=-1:DX=-1:SP=1:PR=-1:OBJ=Merchant:MX=1:SB=0:RT=0:TO=0:KL=0:RK=0:CA=1:DN=-1:DX=-1:SP=1:PR=-1:OBJ=BrideGroom:MX=1:SB=0:RT=0:TO=0:KL=0:RK=0:CA=1:DN=-1:DX=-1:SP=1:PR=-1:OBJ=Messenger:MX=1:SB=0:RT=0:TO=0:KL=0:RK=0:CA=1:DN=-1:DX=-1:SP=1:PR=-1:OBJ=EscortableHealer1:MX=1:SB=0:RT=0:TO=0:KL=0:RK=0:CA=1:DN=-1:DX=-1:SP=1:PR=-1</Objects2>
  </Points>
  <Points>
    <Name>Escorts</Name>
    <UniqueId>e761ae01-3cde-4d2c-847f-f4f95e9ec03d</UniqueId>
    <Map>Felucca</Map>
    <X>1856</X>
    <Y>2679</Y>
    <Width>200</Width>
    <Height>200</Height>
    <CentreX>1956</CentreX>
    <CentreY>2779</CentreY>
    <CentreZ>10</CentreZ>
    <Range>5</Range>
    <MaxCount>8</MaxCount>
    <MinDelay>15</MinDelay>
    <MaxDelay>30</MaxDelay>
    <DelayInSec>False</DelayInSec>
    <Duration>240</Duration>
    <DespawnTime>0</DespawnTime>
    <ProximityRange>-1</ProximityRange>
    <ProximityTriggerSound>500</ProximityTriggerSound>
    <TriggerProbability>1</TriggerProbability>
    <InContainer>False</InContainer>
    <MinRefractory>0</MinRefractory>
    <MaxRefractory>0</MaxRefractory>
    <TODStart>0</TODStart>
    <TODEnd>0</TODEnd>
    <TODMode>0</TODMode>
    <KillReset>1</KillReset>
    <ExternalTriggering>False</ExternalTriggering>
    <SequentialSpawning>-1</SequentialSpawning>
    <AllowGhostTriggering>False</AllowGhostTriggering>
    <AllowNPCTriggering>False</AllowNPCTriggering>
    <SpawnOnTrigger>False</SpawnOnTrigger>
    <SmartSpawning>False</SmartSpawning>
    <Team>0</Team>
    <Amount>1</Amount>
    <IsGroup>False</IsGroup>
    <IsRunning>True</IsRunning>
    <IsHomeRangeRelative>True</IsHomeRangeRelative>
    <Objects2>Escortablemage:MX=1:SB=0:RT=0:TO=0:KL=0:RK=0:CA=1:DN=-1:DX=-1:SP=1:PR=-1:OBJ=SeekerOfAdventure:MX=1:SB=0:RT=0:TO=0:KL=0:RK=0:CA=1:DN=-1:DX=-1:SP=1:PR=-1:OBJ=Noble:MX=2:SB=0:RT=0:TO=0:KL=0:RK=0:CA=1:DN=-1:DX=-1:SP=1:PR=-1:OBJ=Peasant:MX=2:SB=0:RT=0:TO=0:KL=0:RK=0:CA=1:DN=-1:DX=-1:SP=1:PR=-1:OBJ=Merchant:MX=1:SB=0:RT=0:TO=0:KL=0:RK=0:CA=1:DN=-1:DX=-1:SP=1:PR=-1:OBJ=BrideGroom:MX=1:SB=0:RT=0:TO=0:KL=0:RK=0:CA=1:DN=-1:DX=-1:SP=1:PR=-1:OBJ=Messenger:MX=1:SB=0:RT=0:TO=0:KL=0:RK=0:CA=1:DN=-1:DX=-1:SP=1:PR=-1:OBJ=EscortableHealer1:MX=1:SB=0:RT=0:TO=0:KL=0:RK=0:CA=1:DN=-1:DX=-1:SP=1:PR=-1</Objects2>
  </Points>
  <Points>
    <Name>Escorts</Name>
    <UniqueId>a4fe0a6f-f768-4821-8609-44e3457556e1</UniqueId>
    <Map>Felucca</Map>
    <X>3655</X>
    <Y>1143</Y>
    <Width>200</Width>
    <Height>200</Height>
    <CentreX>3755</CentreX>
    <CentreY>1243</CentreY>
    <CentreZ>0</CentreZ>
    <Range>5</Range>
    <MaxCount>7</MaxCount>
    <MinDelay>15</MinDelay>
    <MaxDelay>30</MaxDelay>
    <DelayInSec>False</DelayInSec>
    <Duration>240</Duration>
    <DespawnTime>0</DespawnTime>
    <ProximityRange>-1</ProximityRange>
    <ProximityTriggerSound>500</ProximityTriggerSound>
    <TriggerProbability>1</TriggerProbability>
    <InContainer>False</InContainer>
    <MinRefractory>0</MinRefractory>
    <MaxRefractory>0</MaxRefractory>
    <TODStart>0</TODStart>
    <TODEnd>0</TODEnd>
    <TODMode>0</TODMode>
    <KillReset>1</KillReset>
    <ExternalTriggering>False</ExternalTriggering>
    <SequentialSpawning>-1</SequentialSpawning>
    <AllowGhostTriggering>False</AllowGhostTriggering>
    <AllowNPCTriggering>False</AllowNPCTriggering>
    <SpawnOnTrigger>False</SpawnOnTrigger>
    <SmartSpawning>False</SmartSpawning>
    <Team>0</Team>
    <Amount>1</Amount>
    <IsGroup>False</IsGroup>
    <IsRunning>True</IsRunning>
    <IsHomeRangeRelative>True</IsHomeRangeRelative>
    <Objects2>Escortablemage:MX=0:SB=0:RT=0:TO=0:KL=0:RK=0:CA=1:DN=-1:DX=-1:SP=1:PR=-1:OBJ=SeekerOfAdventure:MX=1:SB=0:RT=0:TO=0:KL=0:RK=0:CA=1:DN=-1:DX=-1:SP=1:PR=-1:OBJ=Noble:MX=1:SB=0:RT=0:TO=0:KL=0:RK=0:CA=1:DN=-1:DX=-1:SP=1:PR=-1:OBJ=Peasant:MX=1:SB=0:RT=0:TO=0:KL=0:RK=0:CA=1:DN=-1:DX=-1:SP=1:PR=-1:OBJ=Merchant:MX=1:SB=0:RT=0:TO=0:KL=0:RK=0:CA=1:DN=-1:DX=-1:SP=1:PR=-1:OBJ=BrideGroom:MX=1:SB=0:RT=0:TO=0:KL=0:RK=0:CA=1:DN=-1:DX=-1:SP=1:PR=-1:OBJ=Messenger:MX=1:SB=0:RT=0:TO=0:KL=0:RK=0:CA=1:DN=-1:DX=-1:SP=1:PR=-1:OBJ=EscortableHealer1:MX=0:SB=0:RT=0:TO=0:KL=0:RK=0:CA=1:DN=-1:DX=-1:SP=1:PR=-1</Objects2>
  </Points>
  <Points>
    <Name>Escorts</Name>
    <UniqueId>a764380a-7bb4-4a64-b6a6-855ef62d57ae</UniqueId>
    <Map>Felucca</Map>
    <X>1321</X>
    <Y>3716</Y>
    <Width>50</Width>
    <Height>50</Height>
    <CentreX>1346</CentreX>
    <CentreY>3741</CentreY>
    <CentreZ>0</CentreZ>
    <Range>5</Range>
    <MaxCount>1</MaxCount>
    <MinDelay>15</MinDelay>
    <MaxDelay>30</MaxDelay>
    <DelayInSec>False</DelayInSec>
    <Duration>0</Duration>
    <DespawnTime>0</DespawnTime>
    <ProximityRange>-1</ProximityRange>
    <ProximityTriggerSound>500</ProximityTriggerSound>
    <TriggerProbability>1</TriggerProbability>
    <InContainer>False</InContainer>
    <MinRefractory>0</MinRefractory>
    <MaxRefractory>0</MaxRefractory>
    <TODStart>0</TODStart>
    <TODEnd>0</TODEnd>
    <TODMode>0</TODMode>
    <KillReset>1</KillReset>
    <ExternalTriggering>False</ExternalTriggering>
    <SequentialSpawning>-1</SequentialSpawning>
    <AllowGhostTriggering>False</AllowGhostTriggering>
    <AllowNPCTriggering>False</AllowNPCTriggering>
    <SpawnOnTrigger>False</SpawnOnTrigger>
    <SmartSpawning>False</SmartSpawning>
    <Team>0</Team>
    <Amount>1</Amount>
    <IsGroup>False</IsGroup>
    <IsRunning>True</IsRunning>
    <IsHomeRangeRelative>True</IsHomeRangeRelative>
    <Objects2>Escortablemage:MX=0:SB=0:RT=0:TO=0:KL=0:RK=0:CA=1:DN=-1:DX=-1:SP=1:PR=-1:OBJ=SeekerOfAdventure:MX=1:SB=0:RT=0:TO=0:KL=0:RK=0:CA=1:DN=-1:DX=-1:SP=1:PR=-1:OBJ=Noble:MX=1:SB=0:RT=0:TO=0:KL=0:RK=0:CA=1:DN=-1:DX=-1:SP=1:PR=-1:OBJ=Peasant:MX=1:SB=0:RT=0:TO=0:KL=0:RK=0:CA=1:DN=-1:DX=-1:SP=1:PR=-1:OBJ=Merchant:MX=1:SB=0:RT=0:TO=0:KL=0:RK=0:CA=1:DN=-1:DX=-1:SP=1:PR=-1:OBJ=BrideGroom:MX=1:SB=0:RT=0:TO=0:KL=0:RK=0:CA=1:DN=-1:DX=-1:SP=1:PR=-1:OBJ=Messenger:MX=1:SB=0:RT=0:TO=0:KL=0:RK=0:CA=1:DN=-1:DX=-1:SP=1:PR=-1</Objects2>
  </Points>
  <Points>
    <Name>Escorts</Name>
    <UniqueId>cf4cca2d-07a0-49e9-809a-d0cd9bdde629</UniqueId>
    <Map>Felucca</Map>
    <X>1435</X>
    <Y>3701</Y>
    <Width>40</Width>
    <Height>40</Height>
    <CentreX>1455</CentreX>
    <CentreY>3721</CentreY>
    <CentreZ>0</CentreZ>
    <Range>5</Range>
    <MaxCount>1</MaxCount>
    <MinDelay>15</MinDelay>
    <MaxDelay>30</MaxDelay>
    <DelayInSec>False</DelayInSec>
    <Duration>0</Duration>
    <DespawnTime>0</DespawnTime>
    <ProximityRange>-1</ProximityRange>
    <ProximityTriggerSound>500</ProximityTriggerSound>
    <TriggerProbability>1</TriggerProbability>
    <InContainer>False</InContainer>
    <MinRefractory>0</MinRefractory>
    <MaxRefractory>0</MaxRefractory>
    <TODStart>0</TODStart>
    <TODEnd>0</TODEnd>
    <TODMode>0</TODMode>
    <KillReset>1</KillReset>
    <ExternalTriggering>False</ExternalTriggering>
    <SequentialSpawning>-1</SequentialSpawning>
    <AllowGhostTriggering>False</AllowGhostTriggering>
    <AllowNPCTriggering>False</AllowNPCTriggering>
    <SpawnOnTrigger>False</SpawnOnTrigger>
    <SmartSpawning>False</SmartSpawning>
    <Team>0</Team>
    <Amount>1</Amount>
    <IsGroup>False</IsGroup>
    <IsRunning>True</IsRunning>
    <IsHomeRangeRelative>True</IsHomeRangeRelative>
    <Objects2>Escortablemage:MX=0:SB=0:RT=0:TO=0:KL=0:RK=0:CA=1:DN=-1:DX=-1:SP=1:PR=-1:OBJ=SeekerOfAdventure:MX=1:SB=0:RT=0:TO=0:KL=0:RK=0:CA=1:DN=-1:DX=-1:SP=1:PR=-1:OBJ=Noble:MX=1:SB=0:RT=0:TO=0:KL=0:RK=0:CA=1:DN=-1:DX=-1:SP=1:PR=-1:OBJ=Peasant:MX=1:SB=0:RT=0:TO=0:KL=0:RK=0:CA=1:DN=-1:DX=-1:SP=1:PR=-1:OBJ=Merchant:MX=1:SB=0:RT=0:TO=0:KL=0:RK=0:CA=1:DN=-1:DX=-1:SP=1:PR=-1:OBJ=BrideGroom:MX=1:SB=0:RT=0:TO=0:KL=0:RK=0:CA=1:DN=-1:DX=-1:SP=1:PR=-1:OBJ=Messenger:MX=1:SB=0:RT=0:TO=0:KL=0:RK=0:CA=1:DN=-1:DX=-1:SP=1:PR=-1:OBJ=EscortableHealer1:MX=1:SB=0:RT=0:TO=0:KL=0:RK=0:CA=1:DN=-1:DX=-1:SP=1:PR=-1</Objects2>
  </Points>
  <Points>
    <Name>Escorts</Name>
    <UniqueId>941fe24d-693e-41a6-905d-a4a95d2bea51</UniqueId>
    <Map>Felucca</Map>
    <X>3612</X>
    <Y>2472</Y>
    <Width>80</Width>
    <Height>80</Height>
    <CentreX>3652</CentreX>
    <CentreY>2512</CentreY>
    <CentreZ>0</CentreZ>
    <Range>5</Range>
    <MaxCount>2</MaxCount>
    <MinDelay>15</MinDelay>
    <MaxDelay>30</MaxDelay>
    <DelayInSec>False</DelayInSec>
    <Duration>240</Duration>
    <DespawnTime>0</DespawnTime>
    <ProximityRange>-1</ProximityRange>
    <ProximityTriggerSound>500</ProximityTriggerSound>
    <TriggerProbability>1</TriggerProbability>
    <InContainer>False</InContainer>
    <MinRefractory>0</MinRefractory>
    <MaxRefractory>0</MaxRefractory>
    <TODStart>0</TODStart>
    <TODEnd>0</TODEnd>
    <TODMode>0</TODMode>
    <KillReset>1</KillReset>
    <ExternalTriggering>False</ExternalTriggering>
    <SequentialSpawning>-1</SequentialSpawning>
    <AllowGhostTriggering>False</AllowGhostTriggering>
    <AllowNPCTriggering>False</AllowNPCTriggering>
    <SpawnOnTrigger>False</SpawnOnTrigger>
    <SmartSpawning>False</SmartSpawning>
    <Team>0</Team>
    <Amount>1</Amount>
    <IsGroup>False</IsGroup>
    <IsRunning>True</IsRunning>
    <IsHomeRangeRelative>True</IsHomeRangeRelative>
    <Objects2>Escortablemage:MX=1:SB=0:RT=0:TO=0:KL=0:RK=0:CA=1:DN=-1:DX=-1:SP=1:PR=-1:OBJ=SeekerOfAdventure:MX=1:SB=0:RT=0:TO=0:KL=0:RK=0:CA=1:DN=-1:DX=-1:SP=1:PR=-1:OBJ=Noble:MX=1:SB=0:RT=0:TO=0:KL=0:RK=0:CA=1:DN=-1:DX=-1:SP=1:PR=-1:OBJ=Peasant:MX=1:SB=0:RT=0:TO=0:KL=0:RK=0:CA=1:DN=-1:DX=-1:SP=1:PR=-1:OBJ=Merchant:MX=1:SB=0:RT=0:TO=0:KL=0:RK=0:CA=1:DN=-1:DX=-1:SP=1:PR=-1:OBJ=BrideGroom:MX=1:SB=0:RT=0:TO=0:KL=0:RK=0:CA=1:DN=-1:DX=-1:SP=1:PR=-1:OBJ=Messenger:MX=1:SB=0:RT=0:TO=0:KL=0:RK=0:CA=1:DN=-1:DX=-1:SP=1:PR=-1:OBJ=EscortableHealer1:MX=1:SB=0:RT=0:TO=0:KL=0:RK=0:CA=1:DN=-1:DX=-1:SP=1:PR=-1</Objects2>
  </Points>
  <Points>
    <Name>Escorts</Name>
    <UniqueId>c091c352-6a30-49a7-95fc-5e8703160a5b</UniqueId>
    <Map>Felucca</Map>
    <X>2788</X>
    <Y>792</Y>
    <Width>240</Width>
    <Height>240</Height>
    <CentreX>2908</CentreX>
    <CentreY>912</CentreY>
    <CentreZ>0</CentreZ>
    <Range>5</Range>
    <MaxCount>8</MaxCount>
    <MinDelay>30</MinDelay>
    <MaxDelay>45</MaxDelay>
    <DelayInSec>False</DelayInSec>
    <Duration>0</Duration>
    <DespawnTime>0</DespawnTime>
    <ProximityRange>-1</ProximityRange>
    <ProximityTriggerSound>500</ProximityTriggerSound>
    <TriggerProbability>1</TriggerProbability>
    <InContainer>False</InContainer>
    <MinRefractory>0</MinRefractory>
    <MaxRefractory>0</MaxRefractory>
    <TODStart>0</TODStart>
    <TODEnd>0</TODEnd>
    <TODMode>0</TODMode>
    <KillReset>1</KillReset>
    <ExternalTriggering>False</ExternalTriggering>
    <SequentialSpawning>-1</SequentialSpawning>
    <AllowGhostTriggering>False</AllowGhostTriggering>
    <AllowNPCTriggering>False</AllowNPCTriggering>
    <SpawnOnTrigger>False</SpawnOnTrigger>
    <SmartSpawning>False</SmartSpawning>
    <Team>0</Team>
    <Amount>1</Amount>
    <IsGroup>False</IsGroup>
    <IsRunning>True</IsRunning>
    <IsHomeRangeRelative>True</IsHomeRangeRelative>
    <Objects2>Escortablemage:MX=1:SB=0:RT=0:TO=0:KL=0:RK=0:CA=1:DN=-1:DX=-1:SP=1:PR=-1:OBJ=SeekerOfAdventure:MX=1:SB=0:RT=0:TO=0:KL=0:RK=0:CA=1:DN=-1:DX=-1:SP=1:PR=-1:OBJ=Noble:MX=2:SB=0:RT=0:TO=0:KL=0:RK=0:CA=1:DN=-1:DX=-1:SP=1:PR=-1:OBJ=Peasant:MX=2:SB=0:RT=0:TO=0:KL=0:RK=0:CA=1:DN=-1:DX=-1:SP=1:PR=-1:OBJ=Merchant:MX=1:SB=0:RT=0:TO=0:KL=0:RK=0:CA=1:DN=-1:DX=-1:SP=1:PR=-1:OBJ=BrideGroom:MX=1:SB=0:RT=0:TO=0:KL=0:RK=0:CA=1:DN=-1:DX=-1:SP=1:PR=-1:OBJ=Messenger:MX=1:SB=0:RT=0:TO=0:KL=0:RK=0:CA=1:DN=-1:DX=-1:SP=1:PR=-1:OBJ=EscortableHealer1:MX=1:SB=0:RT=0:TO=0:KL=0:RK=0:CA=1:DN=-1:DX=-1:SP=1:PR=-1</Objects2>
  </Points>
  <Points>
    <Name>Escorts</Name>
    <UniqueId>27e60e3a-cd2c-4c30-ab62-5951664ce483</UniqueId>
    <Map>Felucca</Map>
    <X>2383</X>
    <Y>401</Y>
    <Width>160</Width>
    <Height>160</Height>
    <CentreX>2463</CentreX>
    <CentreY>481</CentreY>
    <CentreZ>15</CentreZ>
    <Range>5</Range>
    <MaxCount>6</MaxCount>
    <MinDelay>15</MinDelay>
    <MaxDelay>30</MaxDelay>
    <DelayInSec>False</DelayInSec>
    <Duration>0</Duration>
    <DespawnTime>0</DespawnTime>
    <ProximityRange>-1</ProximityRange>
    <ProximityTriggerSound>500</ProximityTriggerSound>
    <TriggerProbability>1</TriggerProbability>
    <InContainer>False</InContainer>
    <MinRefractory>0</MinRefractory>
    <MaxRefractory>0</MaxRefractory>
    <TODStart>0</TODStart>
    <TODEnd>0</TODEnd>
    <TODMode>0</TODMode>
    <KillReset>1</KillReset>
    <ExternalTriggering>False</ExternalTriggering>
    <SequentialSpawning>-1</SequentialSpawning>
    <AllowGhostTriggering>False</AllowGhostTriggering>
    <AllowNPCTriggering>False</AllowNPCTriggering>
    <SpawnOnTrigger>False</SpawnOnTrigger>
    <SmartSpawning>False</SmartSpawning>
    <Team>0</Team>
    <Amount>1</Amount>
    <IsGroup>False</IsGroup>
    <IsRunning>True</IsRunning>
    <IsHomeRangeRelative>True</IsHomeRangeRelative>
    <Objects2>Escortablemage:MX=0:SB=0:RT=0:TO=0:KL=0:RK=0:CA=1:DN=-1:DX=-1:SP=1:PR=-1:OBJ=SeekerOfAdventure:MX=1:SB=0:RT=0:TO=0:KL=0:RK=0:CA=1:DN=-1:DX=-1:SP=1:PR=-1:OBJ=Noble:MX=1:SB=0:RT=0:TO=0:KL=0:RK=0:CA=1:DN=-1:DX=-1:SP=1:PR=-1:OBJ=Peasant:MX=1:SB=0:RT=0:TO=0:KL=0:RK=0:CA=1:DN=-1:DX=-1:SP=1:PR=-1:OBJ=Merchant:MX=1:SB=0:RT=0:TO=0:KL=0:RK=0:CA=1:DN=-1:DX=-1:SP=1:PR=-1:OBJ=BrideGroom:MX=1:SB=0:RT=0:TO=0:KL=0:RK=0:CA=1:DN=-1:DX=-1:SP=1:PR=-1:OBJ=Messenger:MX=1:SB=0:RT=0:TO=0:KL=0:RK=0:CA=1:DN=-1:DX=-1:SP=1:PR=-1:OBJ=EscortableHealer1:MX=0:SB=0:RT=0:TO=0:KL=0:RK=0:CA=1:DN=-1:DX=-1:SP=1:PR=-1</Objects2>
  </Points>
  <Points>
    <Name>Escorts</Name>
    <UniqueId>851a19f2-9cd4-43fb-951f-64580529dfc3</UniqueId>
    <Map>Felucca</Map>
    <X>1363</X>
    <Y>3767</Y>
    <Width>100</Width>
    <Height>100</Height>
    <CentreX>1413</CentreX>
    <CentreY>3817</CentreY>
    <CentreZ>0</CentreZ>
    <Range>5</Range>
    <MaxCount>3</MaxCount>
    <MinDelay>15</MinDelay>
    <MaxDelay>30</MaxDelay>
    <DelayInSec>False</DelayInSec>
    <Duration>0</Duration>
    <DespawnTime>0</DespawnTime>
    <ProximityRange>-1</ProximityRange>
    <ProximityTriggerSound>500</ProximityTriggerSound>
    <TriggerProbability>1</TriggerProbability>
    <InContainer>False</InContainer>
    <MinRefractory>0</MinRefractory>
    <MaxRefractory>0</MaxRefractory>
    <TODStart>0</TODStart>
    <TODEnd>0</TODEnd>
    <TODMode>0</TODMode>
    <KillReset>1</KillReset>
    <ExternalTriggering>False</ExternalTriggering>
    <SequentialSpawning>-1</SequentialSpawning>
    <AllowGhostTriggering>False</AllowGhostTriggering>
    <AllowNPCTriggering>False</AllowNPCTriggering>
    <SpawnOnTrigger>False</SpawnOnTrigger>
    <SmartSpawning>False</SmartSpawning>
    <Team>0</Team>
    <Amount>1</Amount>
    <IsGroup>False</IsGroup>
    <IsRunning>True</IsRunning>
    <IsHomeRangeRelative>True</IsHomeRangeRelative>
    <Objects2>Escortablemage:MX=0:SB=0:RT=0:TO=0:KL=0:RK=0:CA=1:DN=-1:DX=-1:SP=1:PR=-1:OBJ=SeekerOfAdventure:MX=1:SB=0:RT=0:TO=0:KL=0:RK=0:CA=1:DN=-1:DX=-1:SP=1:PR=-1:OBJ=Noble:MX=1:SB=0:RT=0:TO=0:KL=0:RK=0:CA=1:DN=-1:DX=-1:SP=1:PR=-1:OBJ=Peasant:MX=1:SB=0:RT=0:TO=0:KL=0:RK=0:CA=1:DN=-1:DX=-1:SP=1:PR=-1:OBJ=Merchant:MX=1:SB=0:RT=0:TO=0:KL=0:RK=0:CA=1:DN=-1:DX=-1:SP=1:PR=-1:OBJ=BrideGroom:MX=1:SB=0:RT=0:TO=0:KL=0:RK=0:CA=1:DN=-1:DX=-1:SP=1:PR=-1:OBJ=Messenger:MX=1:SB=0:RT=0:TO=0:KL=0:RK=0:CA=1:DN=-1:DX=-1:SP=1:PR=-1:OBJ=EscortableHealer1:MX=1:SB=0:RT=0:TO=0:KL=0:RK=0:CA=1:DN=-1:DX=-1:SP=1:PR=-1</Objects2>
  </Points>
  <Points>
    <Name>Escorts</Name>
    <UniqueId>fb0b747e-dfb6-4676-b688-5c854523c647</UniqueId>
    <Map>Felucca</Map>
    <X>1423</X>
    <Y>3978</Y>
    <Width>40</Width>
    <Height>40</Height>
    <CentreX>1443</CentreX>
    <CentreY>3998</CentreY>
    <CentreZ>0</CentreZ>
    <Range>5</Range>
    <MaxCount>1</MaxCount>
    <MinDelay>15</MinDelay>
    <MaxDelay>30</MaxDelay>
    <DelayInSec>False</DelayInSec>
    <Duration>0</Duration>
    <DespawnTime>0</DespawnTime>
    <ProximityRange>-1</ProximityRange>
    <ProximityTriggerSound>500</ProximityTriggerSound>
    <TriggerProbability>1</TriggerProbability>
    <InContainer>False</InContainer>
    <MinRefractory>0</MinRefractory>
    <MaxRefractory>0</MaxRefractory>
    <TODStart>0</TODStart>
    <TODEnd>0</TODEnd>
    <TODMode>0</TODMode>
    <KillReset>1</KillReset>
    <ExternalTriggering>False</ExternalTriggering>
    <SequentialSpawning>-1</SequentialSpawning>
    <AllowGhostTriggering>False</AllowGhostTriggering>
    <AllowNPCTriggering>False</AllowNPCTriggering>
    <SpawnOnTrigger>False</SpawnOnTrigger>
    <SmartSpawning>False</SmartSpawning>
    <Team>0</Team>
    <Amount>1</Amount>
    <IsGroup>False</IsGroup>
    <IsRunning>True</IsRunning>
    <IsHomeRangeRelative>True</IsHomeRangeRelative>
    <Objects2>Escortablemage:MX=1:SB=0:RT=0:TO=0:KL=0:RK=0:CA=1:DN=-1:DX=-1:SP=1:PR=-1:OBJ=SeekerOfAdventure:MX=1:SB=0:RT=0:TO=0:KL=0:RK=0:CA=1:DN=-1:DX=-1:SP=1:PR=-1:OBJ=Noble:MX=1:SB=0:RT=0:TO=0:KL=0:RK=0:CA=1:DN=-1:DX=-1:SP=1:PR=-1:OBJ=Peasant:MX=1:SB=0:RT=0:TO=0:KL=0:RK=0:CA=1:DN=-1:DX=-1:SP=1:PR=-1:OBJ=Merchant:MX=1:SB=0:RT=0:TO=0:KL=0:RK=0:CA=1:DN=-1:DX=-1:SP=1:PR=-1:OBJ=BrideGroom:MX=1:SB=0:RT=0:TO=0:KL=0:RK=0:CA=1:DN=-1:DX=-1:SP=1:PR=-1:OBJ=Messenger:MX=1:SB=0:RT=0:TO=0:KL=0:RK=0:CA=1:DN=-1:DX=-1:SP=1:PR=-1:OBJ=EscortableHealer1:MX=0:SB=0:RT=0:TO=0:KL=0:RK=0:CA=1:DN=-1:DX=-1:SP=1:PR=-1</Objects2>
  </Points>
  <Points>
    <Name>Escorts</Name>
    <UniqueId>0fe217de-8a08-4ffb-b340-26dcc1613199</UniqueId>
    <Map>Felucca</Map>
    <X>1408</X>
    <Y>1510</Y>
    <Width>240</Width>
    <Height>240</Height>
    <CentreX>1528</CentreX>
    <CentreY>1630</CentreY>
    <CentreZ>10</CentreZ>
    <Range>5</Range>
    <MaxCount>8</MaxCount>
    <MinDelay>15</MinDelay>
    <MaxDelay>30</MaxDelay>
    <DelayInSec>False</DelayInSec>
    <Duration>0</Duration>
    <DespawnTime>0</DespawnTime>
    <ProximityRange>-1</ProximityRange>
    <ProximityTriggerSound>500</ProximityTriggerSound>
    <TriggerProbability>1</TriggerProbability>
    <InContainer>False</InContainer>
    <MinRefractory>0</MinRefractory>
    <MaxRefractory>0</MaxRefractory>
    <TODStart>0</TODStart>
    <TODEnd>0</TODEnd>
    <TODMode>0</TODMode>
    <KillReset>1</KillReset>
    <ExternalTriggering>False</ExternalTriggering>
    <SequentialSpawning>-1</SequentialSpawning>
    <AllowGhostTriggering>False</AllowGhostTriggering>
    <AllowNPCTriggering>False</AllowNPCTriggering>
    <SpawnOnTrigger>False</SpawnOnTrigger>
    <SmartSpawning>False</SmartSpawning>
    <Team>0</Team>
    <Amount>1</Amount>
    <IsGroup>False</IsGroup>
    <IsRunning>True</IsRunning>
    <IsHomeRangeRelative>True</IsHomeRangeRelative>
    <Objects2>Escortablemage:MX=1:SB=0:RT=0:TO=0:KL=0:RK=0:CA=1:DN=-1:DX=-1:SP=1:PR=-1:OBJ=SeekerOfAdventure:MX=1:SB=0:RT=0:TO=0:KL=0:RK=0:CA=1:DN=-1:DX=-1:SP=1:PR=-1:OBJ=Noble:MX=1:SB=0:RT=0:TO=0:KL=0:RK=0:CA=1:DN=-1:DX=-1:SP=1:PR=-1:OBJ=Peasant:MX=1:SB=0:RT=0:TO=0:KL=0:RK=0:CA=1:DN=-1:DX=-1:SP=1:PR=-1:OBJ=Merchant:MX=1:SB=0:RT=0:TO=0:KL=0:RK=0:CA=1:DN=-1:DX=-1:SP=1:PR=-1:OBJ=BrideGroom:MX=1:SB=0:RT=0:TO=0:KL=0:RK=0:CA=1:DN=-1:DX=-1:SP=1:PR=-1:OBJ=Messenger:MX=1:SB=0:RT=0:TO=0:KL=0:RK=0:CA=1:DN=-1:DX=-1:SP=1:PR=-1:OBJ=EscortableHealer1:MX=1:SB=0:RT=0:TO=0:KL=0:RK=0:CA=1:DN=-1:DX=-1:SP=1:PR=-1</Objects2>
  </Points>
  <Points>
    <Name>Escorts</Name>
    <UniqueId>9844b5c4-dd08-4acf-aa92-d447d4de5832</UniqueId>
    <Map>Felucca</Map>
    <X>2880</X>
    <Y>3449</Y>
    <Width>80</Width>
    <Height>80</Height>
    <CentreX>2920</CentreX>
    <CentreY>3489</CentreY>
    <CentreZ>10</CentreZ>
    <Range>5</Range>
    <MaxCount>2</MaxCount>
    <MinDelay>15</MinDelay>
    <MaxDelay>30</MaxDelay>
    <DelayInSec>False</DelayInSec>
    <Duration>0</Duration>
    <DespawnTime>0</DespawnTime>
    <ProximityRange>-1</ProximityRange>
    <ProximityTriggerSound>500</ProximityTriggerSound>
    <TriggerProbability>1</TriggerProbability>
    <InContainer>False</InContainer>
    <MinRefractory>0</MinRefractory>
    <MaxRefractory>0</MaxRefractory>
    <TODStart>0</TODStart>
    <TODEnd>0</TODEnd>
    <TODMode>0</TODMode>
    <KillReset>1</KillReset>
    <ExternalTriggering>False</ExternalTriggering>
    <SequentialSpawning>-1</SequentialSpawning>
    <AllowGhostTriggering>False</AllowGhostTriggering>
    <AllowNPCTriggering>False</AllowNPCTriggering>
    <SpawnOnTrigger>False</SpawnOnTrigger>
    <SmartSpawning>False</SmartSpawning>
    <Team>0</Team>
    <Amount>1</Amount>
    <IsGroup>False</IsGroup>
    <IsRunning>True</IsRunning>
    <IsHomeRangeRelative>True</IsHomeRangeRelative>
    <Objects2>Escortablemage:MX=1:SB=0:RT=0:TO=0:KL=0:RK=0:CA=1:DN=-1:DX=-1:SP=1:PR=-1:OBJ=SeekerOfAdventure:MX=1:SB=0:RT=0:TO=0:KL=0:RK=0:CA=1:DN=-1:DX=-1:SP=1:PR=-1:OBJ=Noble:MX=1:SB=0:RT=0:TO=0:KL=0:RK=0:CA=1:DN=-1:DX=-1:SP=1:PR=-1:OBJ=Peasant:MX=1:SB=0:RT=0:TO=0:KL=0:RK=0:CA=1:DN=-1:DX=-1:SP=1:PR=-1:OBJ=Merchant:MX=1:SB=0:RT=0:TO=0:KL=0:RK=0:CA=1:DN=-1:DX=-1:SP=1:PR=-1:OBJ=BrideGroom:MX=1:SB=0:RT=0:TO=0:KL=0:RK=0:CA=1:DN=-1:DX=-1:SP=1:PR=-1:OBJ=Messenger:MX=1:SB=0:RT=0:TO=0:KL=0:RK=0:CA=1:DN=-1:DX=-1:SP=1:PR=-1:OBJ=EscortableHealer1:MX=1:SB=0:RT=0:TO=0:KL=0:RK=0:CA=1:DN=-1:DX=-1:SP=1:PR=-1</Objects2>
  </Points>
  <Points>
    <Name>Escorts</Name>
    <UniqueId>1190dd44-7ee3-447f-a890-1c31b3b57a3f</UniqueId>
    <Map>Felucca</Map>
    <X>4390</X>
    <Y>1069</Y>
    <Width>100</Width>
    <Height>100</Height>
    <CentreX>4440</CentreX>
    <CentreY>1119</CentreY>
    <CentreZ>0</CentreZ>
    <Range>5</Range>
    <MaxCount>5</MaxCount>
    <MinDelay>15</MinDelay>
    <MaxDelay>30</MaxDelay>
    <DelayInSec>False</DelayInSec>
    <Duration>0</Duration>
    <DespawnTime>0</DespawnTime>
    <ProximityRange>-1</ProximityRange>
    <ProximityTriggerSound>500</ProximityTriggerSound>
    <TriggerProbability>1</TriggerProbability>
    <InContainer>False</InContainer>
    <MinRefractory>0</MinRefractory>
    <MaxRefractory>0</MaxRefractory>
    <TODStart>0</TODStart>
    <TODEnd>0</TODEnd>
    <TODMode>0</TODMode>
    <KillReset>1</KillReset>
    <ExternalTriggering>False</ExternalTriggering>
    <SequentialSpawning>-1</SequentialSpawning>
    <AllowGhostTriggering>False</AllowGhostTriggering>
    <AllowNPCTriggering>False</AllowNPCTriggering>
    <SpawnOnTrigger>False</SpawnOnTrigger>
    <SmartSpawning>False</SmartSpawning>
    <Team>0</Team>
    <Amount>1</Amount>
    <IsGroup>False</IsGroup>
    <IsRunning>True</IsRunning>
    <IsHomeRangeRelative>True</IsHomeRangeRelative>
    <Objects2>Escortablemage:MX=1:SB=0:RT=0:TO=0:KL=0:RK=0:CA=1:DN=-1:DX=-1:SP=1:PR=-1:OBJ=SeekerOfAdventure:MX=1:SB=0:RT=0:TO=0:KL=0:RK=0:CA=1:DN=-1:DX=-1:SP=1:PR=-1:OBJ=Noble:MX=1:SB=0:RT=0:TO=0:KL=0:RK=0:CA=1:DN=-1:DX=-1:SP=1:PR=-1:OBJ=Peasant:MX=1:SB=0:RT=0:TO=0:KL=0:RK=0:CA=1:DN=-1:DX=-1:SP=1:PR=-1:OBJ=Merchant:MX=1:SB=0:RT=0:TO=0:KL=0:RK=0:CA=1:DN=-1:DX=-1:SP=1:PR=-1:OBJ=BrideGroom:MX=1:SB=0:RT=0:TO=0:KL=0:RK=0:CA=1:DN=-1:DX=-1:SP=1:PR=-1:OBJ=Messenger:MX=1:SB=0:RT=0:TO=0:KL=0:RK=0:CA=1:DN=-1:DX=-1:SP=1:PR=-1:OBJ=EscortableHealer1:MX=1:SB=0:RT=0:TO=0:KL=0:RK=0:CA=1:DN=-1:DX=-1:SP=1:PR=-1</Objects2>
  </Points>
  <Points>
    <Name>Escorts</Name>
    <UniqueId>5258f31c-bb6d-4cbc-93c9-738e9a0bb919</UniqueId>
    <Map>Felucca</Map>
    <X>2986</X>
    <Y>3369</Y>
    <Width>60</Width>
    <Height>60</Height>
    <CentreX>3016</CentreX>
    <CentreY>3399</CentreY>
    <CentreZ>15</CentreZ>
    <Range>5</Range>
    <MaxCount>3</MaxCount>
    <MinDelay>15</MinDelay>
    <MaxDelay>30</MaxDelay>
    <DelayInSec>False</DelayInSec>
    <Duration>240</Duration>
    <DespawnTime>0</DespawnTime>
    <ProximityRange>-1</ProximityRange>
    <ProximityTriggerSound>500</ProximityTriggerSound>
    <TriggerProbability>1</TriggerProbability>
    <InContainer>False</InContainer>
    <MinRefractory>0</MinRefractory>
    <MaxRefractory>0</MaxRefractory>
    <TODStart>0</TODStart>
    <TODEnd>0</TODEnd>
    <TODMode>0</TODMode>
    <KillReset>1</KillReset>
    <ExternalTriggering>False</ExternalTriggering>
    <SequentialSpawning>-1</SequentialSpawning>
    <AllowGhostTriggering>False</AllowGhostTriggering>
    <AllowNPCTriggering>False</AllowNPCTriggering>
    <SpawnOnTrigger>False</SpawnOnTrigger>
    <SmartSpawning>False</SmartSpawning>
    <Team>0</Team>
    <Amount>1</Amount>
    <IsGroup>False</IsGroup>
    <IsRunning>True</IsRunning>
    <IsHomeRangeRelative>True</IsHomeRangeRelative>
    <Objects2>Escortablemage:MX=1:SB=0:RT=0:TO=0:KL=0:RK=0:CA=1:DN=-1:DX=-1:SP=1:PR=-1:OBJ=SeekerOfAdventure:MX=1:SB=0:RT=0:TO=0:KL=0:RK=0:CA=1:DN=-1:DX=-1:SP=1:PR=-1:OBJ=Noble:MX=1:SB=0:RT=0:TO=0:KL=0:RK=0:CA=1:DN=-1:DX=-1:SP=1:PR=-1:OBJ=Peasant:MX=1:SB=0:RT=0:TO=0:KL=0:RK=0:CA=1:DN=-1:DX=-1:SP=1:PR=-1:OBJ=Merchant:MX=1:SB=0:RT=0:TO=0:KL=0:RK=0:CA=1:DN=-1:DX=-1:SP=1:PR=-1:OBJ=BrideGroom:MX=1:SB=0:RT=0:TO=0:KL=0:RK=0:CA=1:DN=-1:DX=-1:SP=1:PR=-1:OBJ=Messenger:MX=1:SB=0:RT=0:TO=0:KL=0:RK=0:CA=1:DN=-1:DX=-1:SP=1:PR=-1:OBJ=EscortableHealer1:MX=1:SB=0:RT=0:TO=0:KL=0:RK=0:CA=1:DN=-1:DX=-1:SP=1:PR=-1</Objects2>
  </Points>
  <Points>
    <Name>Escorts</Name>
    <UniqueId>83aa7c46-81f6-4ddf-8c89-a654832fb3d6</UniqueId>
    <Map>Trammel</Map>
    <X>1321</X>
    <Y>3716</Y>
    <Width>50</Width>
    <Height>50</Height>
    <CentreX>1346</CentreX>
    <CentreY>3741</CentreY>
    <CentreZ>0</CentreZ>
    <Range>5</Range>
    <MaxCount>1</MaxCount>
    <MinDelay>15</MinDelay>
    <MaxDelay>30</MaxDelay>
    <DelayInSec>False</DelayInSec>
    <Duration>0</Duration>
    <DespawnTime>0</DespawnTime>
    <ProximityRange>-1</ProximityRange>
    <ProximityTriggerSound>500</ProximityTriggerSound>
    <TriggerProbability>1</TriggerProbability>
    <InContainer>False</InContainer>
    <MinRefractory>0</MinRefractory>
    <MaxRefractory>0</MaxRefractory>
    <TODStart>0</TODStart>
    <TODEnd>0</TODEnd>
    <TODMode>0</TODMode>
    <KillReset>1</KillReset>
    <ExternalTriggering>False</ExternalTriggering>
    <SequentialSpawning>-1</SequentialSpawning>
    <AllowGhostTriggering>False</AllowGhostTriggering>
    <AllowNPCTriggering>False</AllowNPCTriggering>
    <SpawnOnTrigger>False</SpawnOnTrigger>
    <SmartSpawning>False</SmartSpawning>
    <Team>0</Team>
    <Amount>1</Amount>
    <IsGroup>False</IsGroup>
    <IsRunning>True</IsRunning>
    <IsHomeRangeRelative>True</IsHomeRangeRelative>
    <Objects2>Escortablemage:MX=0:SB=0:RT=0:TO=0:KL=0:RK=0:CA=1:DN=-1:DX=-1:SP=1:PR=-1:OBJ=SeekerOfAdventure:MX=1:SB=0:RT=0:TO=0:KL=0:RK=0:CA=1:DN=-1:DX=-1:SP=1:PR=-1:OBJ=Noble:MX=1:SB=0:RT=0:TO=0:KL=0:RK=0:CA=1:DN=-1:DX=-1:SP=1:PR=-1:OBJ=Peasant:MX=1:SB=0:RT=0:TO=0:KL=0:RK=0:CA=1:DN=-1:DX=-1:SP=1:PR=-1:OBJ=Merchant:MX=1:SB=0:RT=0:TO=0:KL=0:RK=0:CA=1:DN=-1:DX=-1:SP=1:PR=-1:OBJ=BrideGroom:MX=1:SB=0:RT=0:TO=0:KL=0:RK=0:CA=1:DN=-1:DX=-1:SP=1:PR=-1:OBJ=Messenger:MX=1:SB=0:RT=0:TO=0:KL=0:RK=0:CA=1:DN=-1:DX=-1:SP=1:PR=-1:OBJ=EscortableHealer1:MX=0:SB=0:RT=0:TO=0:KL=0:RK=0:CA=1:DN=-1:DX=-1:SP=1:PR=-1</Objects2>
  </Points>
  <Points>
    <Name>Escorts</Name>
    <UniqueId>3fa89218-9b74-44ef-a98e-822edc09bb73</UniqueId>
    <Map>Felucca</Map>
    <X>559</X>
    <Y>2135</Y>
    <Width>100</Width>
    <Height>100</Height>
    <CentreX>609</CentreX>
    <CentreY>2185</CentreY>
    <CentreZ>0</CentreZ>
    <Range>5</Range>
    <MaxCount>3</MaxCount>
    <MinDelay>15</MinDelay>
    <MaxDelay>30</MaxDelay>
    <DelayInSec>False</DelayInSec>
    <Duration>0</Duration>
    <DespawnTime>0</DespawnTime>
    <ProximityRange>-1</ProximityRange>
    <ProximityTriggerSound>500</ProximityTriggerSound>
    <TriggerProbability>1</TriggerProbability>
    <InContainer>False</InContainer>
    <MinRefractory>0</MinRefractory>
    <MaxRefractory>0</MaxRefractory>
    <TODStart>0</TODStart>
    <TODEnd>0</TODEnd>
    <TODMode>0</TODMode>
    <KillReset>1</KillReset>
    <ExternalTriggering>False</ExternalTriggering>
    <SequentialSpawning>-1</SequentialSpawning>
    <AllowGhostTriggering>False</AllowGhostTriggering>
    <AllowNPCTriggering>False</AllowNPCTriggering>
    <SpawnOnTrigger>False</SpawnOnTrigger>
    <SmartSpawning>False</SmartSpawning>
    <Team>0</Team>
    <Amount>1</Amount>
    <IsGroup>False</IsGroup>
    <IsRunning>True</IsRunning>
    <IsHomeRangeRelative>True</IsHomeRangeRelative>
    <Objects2>Escortablemage:MX=1:SB=0:RT=0:TO=0:KL=0:RK=0:CA=1:DN=-1:DX=-1:SP=1:PR=-1:OBJ=SeekerOfAdventure:MX=1:SB=0:RT=0:TO=0:KL=0:RK=0:CA=1:DN=-1:DX=-1:SP=1:PR=-1:OBJ=Noble:MX=1:SB=0:RT=0:TO=0:KL=0:RK=0:CA=1:DN=-1:DX=-1:SP=1:PR=-1:OBJ=Peasant:MX=1:SB=0:RT=0:TO=0:KL=0:RK=0:CA=1:DN=-1:DX=-1:SP=1:PR=-1:OBJ=Merchant:MX=1:SB=0:RT=0:TO=0:KL=0:RK=0:CA=1:DN=-1:DX=-1:SP=1:PR=-1:OBJ=BrideGroom:MX=1:SB=0:RT=0:TO=0:KL=0:RK=0:CA=1:DN=-1:DX=-1:SP=1:PR=-1:OBJ=Messenger:MX=1:SB=0:RT=0:TO=0:KL=0:RK=0:CA=1:DN=-1:DX=-1:SP=1:PR=-1:OBJ=EscortableHealer1:MX=1:SB=0:RT=0:TO=0:KL=0:RK=0:CA=1:DN=-1:DX=-1:SP=1:PR=-1</Objects2>
  </Points>
  <Points>
    <Name>Escorts</Name>
    <UniqueId>17ceb338-3cc3-46ca-b399-2334d036fa31</UniqueId>
    <Map>Trammel</Map>
    <X>2986</X>
    <Y>3369</Y>
    <Width>60</Width>
    <Height>60</Height>
    <CentreX>3016</CentreX>
    <CentreY>3399</CentreY>
    <CentreZ>15</CentreZ>
    <Range>5</Range>
    <MaxCount>3</MaxCount>
    <MinDelay>15</MinDelay>
    <MaxDelay>30</MaxDelay>
    <DelayInSec>False</DelayInSec>
    <Duration>240</Duration>
    <DespawnTime>0</DespawnTime>
    <ProximityRange>-1</ProximityRange>
    <ProximityTriggerSound>500</ProximityTriggerSound>
    <TriggerProbability>1</TriggerProbability>
    <InContainer>False</InContainer>
    <MinRefractory>0</MinRefractory>
    <MaxRefractory>0</MaxRefractory>
    <TODStart>0</TODStart>
    <TODEnd>0</TODEnd>
    <TODMode>0</TODMode>
    <KillReset>1</KillReset>
    <ExternalTriggering>False</ExternalTriggering>
    <SequentialSpawning>-1</SequentialSpawning>
    <AllowGhostTriggering>False</AllowGhostTriggering>
    <AllowNPCTriggering>False</AllowNPCTriggering>
    <SpawnOnTrigger>False</SpawnOnTrigger>
    <SmartSpawning>False</SmartSpawning>
    <Team>0</Team>
    <Amount>1</Amount>
    <IsGroup>False</IsGroup>
    <IsRunning>True</IsRunning>
    <IsHomeRangeRelative>True</IsHomeRangeRelative>
    <Objects2>Escortablemage:MX=1:SB=0:RT=0:TO=0:KL=0:RK=0:CA=1:DN=-1:DX=-1:SP=1:PR=-1:OBJ=SeekerOfAdventure:MX=1:SB=0:RT=0:TO=0:KL=0:RK=0:CA=1:DN=-1:DX=-1:SP=1:PR=-1:OBJ=Noble:MX=1:SB=0:RT=0:TO=0:KL=0:RK=0:CA=1:DN=-1:DX=-1:SP=1:PR=-1:OBJ=Peasant:MX=1:SB=0:RT=0:TO=0:KL=0:RK=0:CA=1:DN=-1:DX=-1:SP=1:PR=-1:OBJ=Merchant:MX=1:SB=0:RT=0:TO=0:KL=0:RK=0:CA=1:DN=-1:DX=-1:SP=1:PR=-1:OBJ=BrideGroom:MX=1:SB=0:RT=0:TO=0:KL=0:RK=0:CA=1:DN=-1:DX=-1:SP=1:PR=-1:OBJ=Messenger:MX=1:SB=0:RT=0:TO=0:KL=0:RK=0:CA=1:DN=-1:DX=-1:SP=1:PR=-1:OBJ=EscortableHealer1:MX=1:SB=0:RT=0:TO=0:KL=0:RK=0:CA=1:DN=-1:DX=-1:SP=1:PR=-1</Objects2>
  </Points>
  <Points>
    <Name>Escorts</Name>
    <UniqueId>888ac5eb-79af-429b-8311-eb24fa47e56d</UniqueId>
    <Map>Trammel</Map>
    <X>2206</X>
    <Y>1178</Y>
    <Width>60</Width>
    <Height>60</Height>
    <CentreX>2236</CentreX>
    <CentreY>1208</CentreY>
    <CentreZ>0</CentreZ>
    <Range>5</Range>
    <MaxCount>3</MaxCount>
    <MinDelay>15</MinDelay>
    <MaxDelay>30</MaxDelay>
    <DelayInSec>False</DelayInSec>
    <Duration>0</Duration>
    <DespawnTime>0</DespawnTime>
    <ProximityRange>-1</ProximityRange>
    <ProximityTriggerSound>500</ProximityTriggerSound>
    <TriggerProbability>1</TriggerProbability>
    <InContainer>False</InContainer>
    <MinRefractory>0</MinRefractory>
    <MaxRefractory>0</MaxRefractory>
    <TODStart>0</TODStart>
    <TODEnd>0</TODEnd>
    <TODMode>0</TODMode>
    <KillReset>1</KillReset>
    <ExternalTriggering>False</ExternalTriggering>
    <SequentialSpawning>-1</SequentialSpawning>
    <AllowGhostTriggering>False</AllowGhostTriggering>
    <AllowNPCTriggering>False</AllowNPCTriggering>
    <SpawnOnTrigger>False</SpawnOnTrigger>
    <SmartSpawning>False</SmartSpawning>
    <Team>0</Team>
    <Amount>1</Amount>
    <IsGroup>False</IsGroup>
    <IsRunning>True</IsRunning>
    <IsHomeRangeRelative>True</IsHomeRangeRelative>
    <Objects2>Escortablemage:MX=0:SB=0:RT=0:TO=0:KL=0:RK=0:CA=1:DN=-1:DX=-1:SP=1:PR=-1:OBJ=SeekerOfAdventure:MX=1:SB=0:RT=0:TO=0:KL=0:RK=0:CA=1:DN=-1:DX=-1:SP=1:PR=-1:OBJ=Noble:MX=1:SB=0:RT=0:TO=0:KL=0:RK=0:CA=1:DN=-1:DX=-1:SP=1:PR=-1:OBJ=Peasant:MX=1:SB=0:RT=0:TO=0:KL=0:RK=0:CA=1:DN=-1:DX=-1:SP=1:PR=-1:OBJ=Merchant:MX=1:SB=0:RT=0:TO=0:KL=0:RK=0:CA=1:DN=-1:DX=-1:SP=1:PR=-1:OBJ=BrideGroom:MX=1:SB=0:RT=0:TO=0:KL=0:RK=0:CA=1:DN=-1:DX=-1:SP=1:PR=-1:OBJ=Messenger:MX=1:SB=0:RT=0:TO=0:KL=0:RK=0:CA=1:DN=-1:DX=-1:SP=1:PR=-1:OBJ=EscortableHealer1:MX=1:SB=0:RT=0:TO=0:KL=0:RK=0:CA=1:DN=-1:DX=-1:SP=1:PR=-1</Objects2>
  </Points>
  <Points>
    <Name>Escorts</Name>
    <UniqueId>1193f51d-5757-4ba5-86e7-4251635ad723</UniqueId>
    <Map>Trammel</Map>
    <X>2830</X>
    <Y>645</Y>
    <Width>150</Width>
    <Height>150</Height>
    <CentreX>2905</CentreX>
    <CentreY>720</CentreY>
    <CentreZ>0</CentreZ>
    <Range>5</Range>
    <MaxCount>8</MaxCount>
    <MinDelay>30</MinDelay>
    <MaxDelay>45</MaxDelay>
    <DelayInSec>False</DelayInSec>
    <Duration>0</Duration>
    <DespawnTime>0</DespawnTime>
    <ProximityRange>-1</ProximityRange>
    <ProximityTriggerSound>500</ProximityTriggerSound>
    <TriggerProbability>1</TriggerProbability>
    <InContainer>False</InContainer>
    <MinRefractory>0</MinRefractory>
    <MaxRefractory>0</MaxRefractory>
    <TODStart>0</TODStart>
    <TODEnd>0</TODEnd>
    <TODMode>0</TODMode>
    <KillReset>1</KillReset>
    <ExternalTriggering>False</ExternalTriggering>
    <SequentialSpawning>-1</SequentialSpawning>
    <AllowGhostTriggering>False</AllowGhostTriggering>
    <AllowNPCTriggering>False</AllowNPCTriggering>
    <SpawnOnTrigger>False</SpawnOnTrigger>
    <SmartSpawning>False</SmartSpawning>
    <Team>0</Team>
    <Amount>1</Amount>
    <IsGroup>False</IsGroup>
    <IsRunning>True</IsRunning>
    <IsHomeRangeRelative>True</IsHomeRangeRelative>
    <Objects2>Escortablemage:MX=1:SB=0:RT=0:TO=0:KL=0:RK=0:CA=1:DN=-1:DX=-1:SP=1:PR=-1:OBJ=SeekerOfAdventure:MX=1:SB=0:RT=0:TO=0:KL=0:RK=0:CA=1:DN=-1:DX=-1:SP=1:PR=-1:OBJ=Noble:MX=2:SB=0:RT=0:TO=0:KL=0:RK=0:CA=1:DN=-1:DX=-1:SP=1:PR=-1:OBJ=Peasant:MX=2:SB=0:RT=0:TO=0:KL=0:RK=0:CA=1:DN=-1:DX=-1:SP=1:PR=-1:OBJ=Merchant:MX=1:SB=0:RT=0:TO=0:KL=0:RK=0:CA=1:DN=-1:DX=-1:SP=1:PR=-1:OBJ=BrideGroom:MX=1:SB=0:RT=0:TO=0:KL=0:RK=0:CA=1:DN=-1:DX=-1:SP=1:PR=-1:OBJ=Messenger:MX=1:SB=0:RT=0:TO=0:KL=0:RK=0:CA=1:DN=-1:DX=-1:SP=1:PR=-1:OBJ=EscortableHealer1:MX=1:SB=0:RT=0:TO=0:KL=0:RK=0:CA=1:DN=-1:DX=-1:SP=1:PR=-1</Objects2>
  </Points>
  <Points>
    <Name>Escorts</Name>
    <UniqueId>b3e7fa10-f5af-4235-b235-498238d9dc15</UniqueId>
    <Map>Trammel</Map>
    <X>1856</X>
    <Y>2679</Y>
    <Width>200</Width>
    <Height>200</Height>
    <CentreX>1956</CentreX>
    <CentreY>2779</CentreY>
    <CentreZ>10</CentreZ>
    <Range>5</Range>
    <MaxCount>8</MaxCount>
    <MinDelay>15</MinDelay>
    <MaxDelay>30</MaxDelay>
    <DelayInSec>False</DelayInSec>
    <Duration>240</Duration>
    <DespawnTime>0</DespawnTime>
    <ProximityRange>-1</ProximityRange>
    <ProximityTriggerSound>500</ProximityTriggerSound>
    <TriggerProbability>1</TriggerProbability>
    <InContainer>False</InContainer>
    <MinRefractory>0</MinRefractory>
    <MaxRefractory>0</MaxRefractory>
    <TODStart>0</TODStart>
    <TODEnd>0</TODEnd>
    <TODMode>0</TODMode>
    <KillReset>1</KillReset>
    <ExternalTriggering>False</ExternalTriggering>
    <SequentialSpawning>-1</SequentialSpawning>
    <AllowGhostTriggering>False</AllowGhostTriggering>
    <AllowNPCTriggering>False</AllowNPCTriggering>
    <SpawnOnTrigger>False</SpawnOnTrigger>
    <SmartSpawning>False</SmartSpawning>
    <Team>0</Team>
    <Amount>1</Amount>
    <IsGroup>False</IsGroup>
    <IsRunning>True</IsRunning>
    <IsHomeRangeRelative>True</IsHomeRangeRelative>
    <Objects2>Escortablemage:MX=1:SB=0:RT=0:TO=0:KL=0:RK=0:CA=1:DN=-1:DX=-1:SP=1:PR=-1:OBJ=SeekerOfAdventure:MX=1:SB=0:RT=0:TO=0:KL=0:RK=0:CA=1:DN=-1:DX=-1:SP=1:PR=-1:OBJ=Noble:MX=2:SB=0:RT=0:TO=0:KL=0:RK=0:CA=1:DN=-1:DX=-1:SP=1:PR=-1:OBJ=Peasant:MX=2:SB=0:RT=0:TO=0:KL=0:RK=0:CA=1:DN=-1:DX=-1:SP=1:PR=-1:OBJ=Merchant:MX=1:SB=0:RT=0:TO=0:KL=0:RK=0:CA=1:DN=-1:DX=-1:SP=1:PR=-1:OBJ=BrideGroom:MX=1:SB=0:RT=0:TO=0:KL=0:RK=0:CA=1:DN=-1:DX=-1:SP=1:PR=-1:OBJ=Messenger:MX=1:SB=0:RT=0:TO=0:KL=0:RK=0:CA=1:DN=-1:DX=-1:SP=1:PR=-1:OBJ=EscortableHealer1:MX=1:SB=0:RT=0:TO=0:KL=0:RK=0:CA=1:DN=-1:DX=-1:SP=1:PR=-1</Objects2>
  </Points>
  <Points>
    <Name>Escorts</Name>
    <UniqueId>80a14005-305c-4690-9b76-fe2a3f8392a2</UniqueId>
    <Map>Trammel</Map>
    <X>449</X>
    <Y>796</Y>
    <Width>240</Width>
    <Height>240</Height>
    <CentreX>569</CentreX>
    <CentreY>916</CentreY>
    <CentreZ>0</CentreZ>
    <Range>5</Range>
    <MaxCount>8</MaxCount>
    <MinDelay>30</MinDelay>
    <MaxDelay>45</MaxDelay>
    <DelayInSec>False</DelayInSec>
    <Duration>0</Duration>
    <DespawnTime>0</DespawnTime>
    <ProximityRange>-1</ProximityRange>
    <ProximityTriggerSound>500</ProximityTriggerSound>
    <TriggerProbability>1</TriggerProbability>
    <InContainer>False</InContainer>
    <MinRefractory>0</MinRefractory>
    <MaxRefractory>0</MaxRefractory>
    <TODStart>0</TODStart>
    <TODEnd>0</TODEnd>
    <TODMode>0</TODMode>
    <KillReset>1</KillReset>
    <ExternalTriggering>False</ExternalTriggering>
    <SequentialSpawning>-1</SequentialSpawning>
    <AllowGhostTriggering>False</AllowGhostTriggering>
    <AllowNPCTriggering>False</AllowNPCTriggering>
    <SpawnOnTrigger>False</SpawnOnTrigger>
    <SmartSpawning>False</SmartSpawning>
    <Team>0</Team>
    <Amount>1</Amount>
    <IsGroup>False</IsGroup>
    <IsRunning>True</IsRunning>
    <IsHomeRangeRelative>True</IsHomeRangeRelative>
    <Objects2>Escortablemage:MX=0:SB=0:RT=0:TO=0:KL=0:RK=0:CA=1:DN=-1:DX=-1:SP=1:PR=-1:OBJ=SeekerOfAdventure:MX=1:SB=0:RT=0:TO=0:KL=0:RK=0:CA=1:DN=-1:DX=-1:SP=1:PR=-1:OBJ=Noble:MX=2:SB=0:RT=0:TO=0:KL=0:RK=0:CA=1:DN=-1:DX=-1:SP=1:PR=-1:OBJ=Peasant:MX=2:SB=0:RT=0:TO=0:KL=0:RK=0:CA=1:DN=-1:DX=-1:SP=1:PR=-1:OBJ=Merchant:MX=1:SB=0:RT=0:TO=0:KL=0:RK=0:CA=1:DN=-1:DX=-1:SP=1:PR=-1:OBJ=BrideGroom:MX=1:SB=0:RT=0:TO=0:KL=0:RK=0:CA=1:DN=-1:DX=-1:SP=1:PR=-1:OBJ=Messenger:MX=1:SB=0:RT=0:TO=0:KL=0:RK=0:CA=1:DN=-1:DX=-1:SP=1:PR=-1:OBJ=EscortableHealer1:MX=1:SB=0:RT=0:TO=0:KL=0:RK=0:CA=1:DN=-1:DX=-1:SP=1:PR=-1</Objects2>
  </Points>
  <Points>
    <Name>Escorts</Name>
    <UniqueId>69bbd627-f59f-4b2e-8a4e-03ece003bf9c</UniqueId>
    <Map>Trammel</Map>
    <X>3655</X>
    <Y>1143</Y>
    <Width>200</Width>
    <Height>200</Height>
    <CentreX>3755</CentreX>
    <CentreY>1243</CentreY>
    <CentreZ>0</CentreZ>
    <Range>5</Range>
    <MaxCount>7</MaxCount>
    <MinDelay>15</MinDelay>
    <MaxDelay>30</MaxDelay>
    <DelayInSec>False</DelayInSec>
    <Duration>240</Duration>
    <DespawnTime>0</DespawnTime>
    <ProximityRange>-1</ProximityRange>
    <ProximityTriggerSound>500</ProximityTriggerSound>
    <TriggerProbability>1</TriggerProbability>
    <InContainer>False</InContainer>
    <MinRefractory>0</MinRefractory>
    <MaxRefractory>0</MaxRefractory>
    <TODStart>0</TODStart>
    <TODEnd>0</TODEnd>
    <TODMode>0</TODMode>
    <KillReset>1</KillReset>
    <ExternalTriggering>False</ExternalTriggering>
    <SequentialSpawning>-1</SequentialSpawning>
    <AllowGhostTriggering>False</AllowGhostTriggering>
    <AllowNPCTriggering>False</AllowNPCTriggering>
    <SpawnOnTrigger>False</SpawnOnTrigger>
    <SmartSpawning>False</SmartSpawning>
    <Team>0</Team>
    <Amount>1</Amount>
    <IsGroup>False</IsGroup>
    <IsRunning>True</IsRunning>
    <IsHomeRangeRelative>True</IsHomeRangeRelative>
    <Objects2>Escortablemage:MX=0:SB=0:RT=0:TO=0:KL=0:RK=0:CA=1:DN=-1:DX=-1:SP=1:PR=-1:OBJ=SeekerOfAdventure:MX=1:SB=0:RT=0:TO=0:KL=0:RK=0:CA=1:DN=-1:DX=-1:SP=1:PR=-1:OBJ=Noble:MX=1:SB=0:RT=0:TO=0:KL=0:RK=0:CA=1:DN=-1:DX=-1:SP=1:PR=-1:OBJ=Peasant:MX=1:SB=0:RT=0:TO=0:KL=0:RK=0:CA=1:DN=-1:DX=-1:SP=1:PR=-1:OBJ=Merchant:MX=1:SB=0:RT=0:TO=0:KL=0:RK=0:CA=1:DN=-1:DX=-1:SP=1:PR=-1:OBJ=BrideGroom:MX=1:SB=0:RT=0:TO=0:KL=0:RK=0:CA=1:DN=-1:DX=-1:SP=1:PR=-1:OBJ=Messenger:MX=1:SB=0:RT=0:TO=0:KL=0:RK=0:CA=1:DN=-1:DX=-1:SP=1:PR=-1:OBJ=EscortableHealer1:MX=0:SB=0:RT=0:TO=0:KL=0:RK=0:CA=1:DN=-1:DX=-1:SP=1:PR=-1</Objects2>
  </Points>
  <Points>
    <Name>Escorts</Name>
    <UniqueId>6f7593db-c6ca-4ac3-bba1-fb0898ce57c0</UniqueId>
    <Map>Trammel</Map>
    <X>2880</X>
    <Y>3449</Y>
    <Width>80</Width>
    <Height>80</Height>
    <CentreX>2920</CentreX>
    <CentreY>3489</CentreY>
    <CentreZ>10</CentreZ>
    <Range>5</Range>
    <MaxCount>2</MaxCount>
    <MinDelay>15</MinDelay>
    <MaxDelay>30</MaxDelay>
    <DelayInSec>False</DelayInSec>
    <Duration>0</Duration>
    <DespawnTime>0</DespawnTime>
    <ProximityRange>-1</ProximityRange>
    <ProximityTriggerSound>500</ProximityTriggerSound>
    <TriggerProbability>1</TriggerProbability>
    <InContainer>False</InContainer>
    <MinRefractory>0</MinRefractory>
    <MaxRefractory>0</MaxRefractory>
    <TODStart>0</TODStart>
    <TODEnd>0</TODEnd>
    <TODMode>0</TODMode>
    <KillReset>1</KillReset>
    <ExternalTriggering>False</ExternalTriggering>
    <SequentialSpawning>-1</SequentialSpawning>
    <AllowGhostTriggering>False</AllowGhostTriggering>
    <AllowNPCTriggering>False</AllowNPCTriggering>
    <SpawnOnTrigger>False</SpawnOnTrigger>
    <SmartSpawning>False</SmartSpawning>
    <Team>0</Team>
    <Amount>1</Amount>
    <IsGroup>False</IsGroup>
    <IsRunning>True</IsRunning>
    <IsHomeRangeRelative>True</IsHomeRangeRelative>
    <Objects2>Escortablemage:MX=1:SB=0:RT=0:TO=0:KL=0:RK=0:CA=1:DN=-1:DX=-1:SP=1:PR=-1:OBJ=SeekerOfAdventure:MX=1:SB=0:RT=0:TO=0:KL=0:RK=0:CA=1:DN=-1:DX=-1:SP=1:PR=-1:OBJ=Noble:MX=1:SB=0:RT=0:TO=0:KL=0:RK=0:CA=1:DN=-1:DX=-1:SP=1:PR=-1:OBJ=Peasant:MX=1:SB=0:RT=0:TO=0:KL=0:RK=0:CA=1:DN=-1:DX=-1:SP=1:PR=-1:OBJ=Merchant:MX=1:SB=0:RT=0:TO=0:KL=0:RK=0:CA=1:DN=-1:DX=-1:SP=1:PR=-1:OBJ=BrideGroom:MX=1:SB=0:RT=0:TO=0:KL=0:RK=0:CA=1:DN=-1:DX=-1:SP=1:PR=-1:OBJ=Messenger:MX=1:SB=0:RT=0:TO=0:KL=0:RK=0:CA=1:DN=-1:DX=-1:SP=1:PR=-1:OBJ=EscortableHealer1:MX=1:SB=0:RT=0:TO=0:KL=0:RK=0:CA=1:DN=-1:DX=-1:SP=1:PR=-1</Objects2>
  </Points>
  <Points>
    <Name>Escorts</Name>
    <UniqueId>d4dbba11-9698-47ef-aad0-c97e1b52d709</UniqueId>
    <Map>Trammel</Map>
    <X>2383</X>
    <Y>401</Y>
    <Width>160</Width>
    <Height>160</Height>
    <CentreX>2463</CentreX>
    <CentreY>481</CentreY>
    <CentreZ>15</CentreZ>
    <Range>5</Range>
    <MaxCount>6</MaxCount>
    <MinDelay>15</MinDelay>
    <MaxDelay>30</MaxDelay>
    <DelayInSec>False</DelayInSec>
    <Duration>0</Duration>
    <DespawnTime>0</DespawnTime>
    <ProximityRange>-1</ProximityRange>
    <ProximityTriggerSound>500</ProximityTriggerSound>
    <TriggerProbability>1</TriggerProbability>
    <InContainer>False</InContainer>
    <MinRefractory>0</MinRefractory>
    <MaxRefractory>0</MaxRefractory>
    <TODStart>0</TODStart>
    <TODEnd>0</TODEnd>
    <TODMode>0</TODMode>
    <KillReset>1</KillReset>
    <ExternalTriggering>False</ExternalTriggering>
    <SequentialSpawning>-1</SequentialSpawning>
    <AllowGhostTriggering>False</AllowGhostTriggering>
    <AllowNPCTriggering>False</AllowNPCTriggering>
    <SpawnOnTrigger>False</SpawnOnTrigger>
    <SmartSpawning>False</SmartSpawning>
    <Team>0</Team>
    <Amount>1</Amount>
    <IsGroup>False</IsGroup>
    <IsRunning>True</IsRunning>
    <IsHomeRangeRelative>True</IsHomeRangeRelative>
    <Objects2>Escortablemage:MX=0:SB=0:RT=0:TO=0:KL=0:RK=0:CA=1:DN=-1:DX=-1:SP=1:PR=-1:OBJ=SeekerOfAdventure:MX=1:SB=0:RT=0:TO=0:KL=0:RK=0:CA=1:DN=-1:DX=-1:SP=1:PR=-1:OBJ=Noble:MX=1:SB=0:RT=0:TO=0:KL=0:RK=0:CA=1:DN=-1:DX=-1:SP=1:PR=-1:OBJ=Peasant:MX=1:SB=0:RT=0:TO=0:KL=0:RK=0:CA=1:DN=-1:DX=-1:SP=1:PR=-1:OBJ=Merchant:MX=1:SB=0:RT=0:TO=0:KL=0:RK=0:CA=1:DN=-1:DX=-1:SP=1:PR=-1:OBJ=BrideGroom:MX=1:SB=0:RT=0:TO=0:KL=0:RK=0:CA=1:DN=-1:DX=-1:SP=1:PR=-1:OBJ=Messenger:MX=1:SB=0:RT=0:TO=0:KL=0:RK=0:CA=1:DN=-1:DX=-1:SP=1:PR=-1:OBJ=EscortableHealer1:MX=0:SB=0:RT=0:TO=0:KL=0:RK=0:CA=1:DN=-1:DX=-1:SP=1:PR=-1</Objects2>
  </Points>
  <Points>
    <Name>Escorts</Name>
    <UniqueId>17860359-9c30-4aaf-ab1f-ceb38c0f805d</UniqueId>
    <Map>Trammel</Map>
    <X>2788</X>
    <Y>792</Y>
    <Width>240</Width>
    <Height>240</Height>
    <CentreX>2908</CentreX>
    <CentreY>912</CentreY>
    <CentreZ>0</CentreZ>
    <Range>5</Range>
    <MaxCount>8</MaxCount>
    <MinDelay>30</MinDelay>
    <MaxDelay>45</MaxDelay>
    <DelayInSec>False</DelayInSec>
    <Duration>0</Duration>
    <DespawnTime>0</DespawnTime>
    <ProximityRange>-1</ProximityRange>
    <ProximityTriggerSound>500</ProximityTriggerSound>
    <TriggerProbability>1</TriggerProbability>
    <InContainer>False</InContainer>
    <MinRefractory>0</MinRefractory>
    <MaxRefractory>0</MaxRefractory>
    <TODStart>0</TODStart>
    <TODEnd>0</TODEnd>
    <TODMode>0</TODMode>
    <KillReset>1</KillReset>
    <ExternalTriggering>False</ExternalTriggering>
    <SequentialSpawning>-1</SequentialSpawning>
    <AllowGhostTriggering>False</AllowGhostTriggering>
    <AllowNPCTriggering>False</AllowNPCTriggering>
    <SpawnOnTrigger>False</SpawnOnTrigger>
    <SmartSpawning>False</SmartSpawning>
    <Team>0</Team>
    <Amount>1</Amount>
    <IsGroup>False</IsGroup>
    <IsRunning>True</IsRunning>
    <IsHomeRangeRelative>True</IsHomeRangeRelative>
    <Objects2>Escortablemage:MX=1:SB=0:RT=0:TO=0:KL=0:RK=0:CA=1:DN=-1:DX=-1:SP=1:PR=-1:OBJ=SeekerOfAdventure:MX=1:SB=0:RT=0:TO=0:KL=0:RK=0:CA=1:DN=-1:DX=-1:SP=1:PR=-1:OBJ=Noble:MX=2:SB=0:RT=0:TO=0:KL=0:RK=0:CA=1:DN=-1:DX=-1:SP=1:PR=-1:OBJ=Peasant:MX=2:SB=0:RT=0:TO=0:KL=0:RK=0:CA=1:DN=-1:DX=-1:SP=1:PR=-1:OBJ=Merchant:MX=1:SB=0:RT=0:TO=0:KL=0:RK=0:CA=1:DN=-1:DX=-1:SP=1:PR=-1:OBJ=BrideGroom:MX=1:SB=0:RT=0:TO=0:KL=0:RK=0:CA=1:DN=-1:DX=-1:SP=1:PR=-1:OBJ=Messenger:MX=1:SB=0:RT=0:TO=0:KL=0:RK=0:CA=1:DN=-1:DX=-1:SP=1:PR=-1:OBJ=EscortableHealer1:MX=1:SB=0:RT=0:TO=0:KL=0:RK=0:CA=1:DN=-1:DX=-1:SP=1:PR=-1</Objects2>
  </Points>
  <Points>
    <Name>Escorts</Name>
    <UniqueId>cf966ae4-7ed9-4df4-9ad7-48eb15588234</UniqueId>
    <Map>Trammel</Map>
    <X>1423</X>
    <Y>3978</Y>
    <Width>40</Width>
    <Height>40</Height>
    <CentreX>1443</CentreX>
    <CentreY>3998</CentreY>
    <CentreZ>0</CentreZ>
    <Range>5</Range>
    <MaxCount>1</MaxCount>
    <MinDelay>15</MinDelay>
    <MaxDelay>30</MaxDelay>
    <DelayInSec>False</DelayInSec>
    <Duration>0</Duration>
    <DespawnTime>0</DespawnTime>
    <ProximityRange>-1</ProximityRange>
    <ProximityTriggerSound>500</ProximityTriggerSound>
    <TriggerProbability>1</TriggerProbability>
    <InContainer>False</InContainer>
    <MinRefractory>0</MinRefractory>
    <MaxRefractory>0</MaxRefractory>
    <TODStart>0</TODStart>
    <TODEnd>0</TODEnd>
    <TODMode>0</TODMode>
    <KillReset>1</KillReset>
    <ExternalTriggering>False</ExternalTriggering>
    <SequentialSpawning>-1</SequentialSpawning>
    <AllowGhostTriggering>False</AllowGhostTriggering>
    <AllowNPCTriggering>False</AllowNPCTriggering>
    <SpawnOnTrigger>False</SpawnOnTrigger>
    <SmartSpawning>False</SmartSpawning>
    <Team>0</Team>
    <Amount>1</Amount>
    <IsGroup>False</IsGroup>
    <IsRunning>True</IsRunning>
    <IsHomeRangeRelative>True</IsHomeRangeRelative>
    <Objects2>Escortablemage:MX=1:SB=0:RT=0:TO=0:KL=0:RK=0:CA=1:DN=-1:DX=-1:SP=1:PR=-1:OBJ=SeekerOfAdventure:MX=1:SB=0:RT=0:TO=0:KL=0:RK=0:CA=1:DN=-1:DX=-1:SP=1:PR=-1:OBJ=Noble:MX=1:SB=0:RT=0:TO=0:KL=0:RK=0:CA=1:DN=-1:DX=-1:SP=1:PR=-1:OBJ=Peasant:MX=1:SB=0:RT=0:TO=0:KL=0:RK=0:CA=1:DN=-1:DX=-1:SP=1:PR=-1:OBJ=Merchant:MX=1:SB=0:RT=0:TO=0:KL=0:RK=0:CA=1:DN=-1:DX=-1:SP=1:PR=-1:OBJ=BrideGroom:MX=1:SB=0:RT=0:TO=0:KL=0:RK=0:CA=1:DN=-1:DX=-1:SP=1:PR=-1:OBJ=Messenger:MX=1:SB=0:RT=0:TO=0:KL=0:RK=0:CA=1:DN=-1:DX=-1:SP=1:PR=-1:OBJ=EscortableHealer1:MX=0:SB=0:RT=0:TO=0:KL=0:RK=0:CA=1:DN=-1:DX=-1:SP=1:PR=-1</Objects2>
  </Points>
  <Points>
    <Name>Escorts</Name>
    <UniqueId>a6b75451-b55a-45ee-84e2-29d84b87401d</UniqueId>
    <Map>Trammel</Map>
    <X>1363</X>
    <Y>3767</Y>
    <Width>100</Width>
    <Height>100</Height>
    <CentreX>1413</CentreX>
    <CentreY>3817</CentreY>
    <CentreZ>0</CentreZ>
    <Range>5</Range>
    <MaxCount>3</MaxCount>
    <MinDelay>15</MinDelay>
    <MaxDelay>30</MaxDelay>
    <DelayInSec>False</DelayInSec>
    <Duration>0</Duration>
    <DespawnTime>0</DespawnTime>
    <ProximityRange>-1</ProximityRange>
    <ProximityTriggerSound>500</ProximityTriggerSound>
    <TriggerProbability>1</TriggerProbability>
    <InContainer>False</InContainer>
    <MinRefractory>0</MinRefractory>
    <MaxRefractory>0</MaxRefractory>
    <TODStart>0</TODStart>
    <TODEnd>0</TODEnd>
    <TODMode>0</TODMode>
    <KillReset>1</KillReset>
    <ExternalTriggering>False</ExternalTriggering>
    <SequentialSpawning>-1</SequentialSpawning>
    <AllowGhostTriggering>False</AllowGhostTriggering>
    <AllowNPCTriggering>False</AllowNPCTriggering>
    <SpawnOnTrigger>False</SpawnOnTrigger>
    <SmartSpawning>False</SmartSpawning>
    <Team>0</Team>
    <Amount>1</Amount>
    <IsGroup>False</IsGroup>
    <IsRunning>True</IsRunning>
    <IsHomeRangeRelative>True</IsHomeRangeRelative>
    <Objects2>Escortablemage:MX=0:SB=0:RT=0:TO=0:KL=0:RK=0:CA=1:DN=-1:DX=-1:SP=1:PR=-1:OBJ=SeekerOfAdventure:MX=1:SB=0:RT=0:TO=0:KL=0:RK=0:CA=1:DN=-1:DX=-1:SP=1:PR=-1:OBJ=Noble:MX=1:SB=0:RT=0:TO=0:KL=0:RK=0:CA=1:DN=-1:DX=-1:SP=1:PR=-1:OBJ=Peasant:MX=1:SB=0:RT=0:TO=0:KL=0:RK=0:CA=1:DN=-1:DX=-1:SP=1:PR=-1:OBJ=Merchant:MX=1:SB=0:RT=0:TO=0:KL=0:RK=0:CA=1:DN=-1:DX=-1:SP=1:PR=-1:OBJ=BrideGroom:MX=1:SB=0:RT=0:TO=0:KL=0:RK=0:CA=1:DN=-1:DX=-1:SP=1:PR=-1:OBJ=Messenger:MX=1:SB=0:RT=0:TO=0:KL=0:RK=0:CA=1:DN=-1:DX=-1:SP=1:PR=-1:OBJ=EscortableHealer1:MX=1:SB=0:RT=0:TO=0:KL=0:RK=0:CA=1:DN=-1:DX=-1:SP=1:PR=-1</Objects2>
  </Points>
  <Points>
    <Name>Escorts</Name>
    <UniqueId>3bb58727-29db-4fa0-bd7f-05a7ae4abc6f</UniqueId>
    <Map>Trammel</Map>
    <X>1408</X>
    <Y>1510</Y>
    <Width>240</Width>
    <Height>240</Height>
    <CentreX>1528</CentreX>
    <CentreY>1630</CentreY>
    <CentreZ>10</CentreZ>
    <Range>5</Range>
    <MaxCount>8</MaxCount>
    <MinDelay>15</MinDelay>
    <MaxDelay>30</MaxDelay>
    <DelayInSec>False</DelayInSec>
    <Duration>0</Duration>
    <DespawnTime>0</DespawnTime>
    <ProximityRange>-1</ProximityRange>
    <ProximityTriggerSound>500</ProximityTriggerSound>
    <TriggerProbability>1</TriggerProbability>
    <InContainer>False</InContainer>
    <MinRefractory>0</MinRefractory>
    <MaxRefractory>0</MaxRefractory>
    <TODStart>0</TODStart>
    <TODEnd>0</TODEnd>
    <TODMode>0</TODMode>
    <KillReset>1</KillReset>
    <ExternalTriggering>False</ExternalTriggering>
    <SequentialSpawning>-1</SequentialSpawning>
    <AllowGhostTriggering>False</AllowGhostTriggering>
    <AllowNPCTriggering>False</AllowNPCTriggering>
    <SpawnOnTrigger>False</SpawnOnTrigger>
    <SmartSpawning>False</SmartSpawning>
    <Team>0</Team>
    <Amount>1</Amount>
    <IsGroup>False</IsGroup>
    <IsRunning>True</IsRunning>
    <IsHomeRangeRelative>True</IsHomeRangeRelative>
    <Objects2>Escortablemage:MX=1:SB=0:RT=0:TO=0:KL=0:RK=0:CA=1:DN=-1:DX=-1:SP=1:PR=-1:OBJ=SeekerOfAdventure:MX=1:SB=0:RT=0:TO=0:KL=0:RK=0:CA=1:DN=-1:DX=-1:SP=1:PR=-1:OBJ=Noble:MX=1:SB=0:RT=0:TO=0:KL=0:RK=0:CA=1:DN=-1:DX=-1:SP=1:PR=-1:OBJ=Peasant:MX=1:SB=0:RT=0:TO=0:KL=0:RK=0:CA=1:DN=-1:DX=-1:SP=1:PR=-1:OBJ=Merchant:MX=1:SB=0:RT=0:TO=0:KL=0:RK=0:CA=1:DN=-1:DX=-1:SP=1:PR=-1:OBJ=BrideGroom:MX=1:SB=0:RT=0:TO=0:KL=0:RK=0:CA=1:DN=-1:DX=-1:SP=1:PR=-1:OBJ=Messenger:MX=1:SB=0:RT=0:TO=0:KL=0:RK=0:CA=1:DN=-1:DX=-1:SP=1:PR=-1:OBJ=EscortableHealer1:MX=1:SB=0:RT=0:TO=0:KL=0:RK=0:CA=1:DN=-1:DX=-1:SP=1:PR=-1</Objects2>
  </Points>
  <Points>
    <Name>Escorts</Name>
    <UniqueId>00fa4fe4-6729-417a-a4c4-77efeae5cfc9</UniqueId>
    <Map>Trammel</Map>
    <X>4390</X>
    <Y>1069</Y>
    <Width>100</Width>
    <Height>100</Height>
    <CentreX>4440</CentreX>
    <CentreY>1119</CentreY>
    <CentreZ>0</CentreZ>
    <Range>5</Range>
    <MaxCount>5</MaxCount>
    <MinDelay>15</MinDelay>
    <MaxDelay>30</MaxDelay>
    <DelayInSec>False</DelayInSec>
    <Duration>0</Duration>
    <DespawnTime>0</DespawnTime>
    <ProximityRange>-1</ProximityRange>
    <ProximityTriggerSound>500</ProximityTriggerSound>
    <TriggerProbability>1</TriggerProbability>
    <InContainer>False</InContainer>
    <MinRefractory>0</MinRefractory>
    <MaxRefractory>0</MaxRefractory>
    <TODStart>0</TODStart>
    <TODEnd>0</TODEnd>
    <TODMode>0</TODMode>
    <KillReset>1</KillReset>
    <ExternalTriggering>False</ExternalTriggering>
    <SequentialSpawning>-1</SequentialSpawning>
    <AllowGhostTriggering>False</AllowGhostTriggering>
    <AllowNPCTriggering>False</AllowNPCTriggering>
    <SpawnOnTrigger>False</SpawnOnTrigger>
    <SmartSpawning>False</SmartSpawning>
    <Team>0</Team>
    <Amount>1</Amount>
    <IsGroup>False</IsGroup>
    <IsRunning>True</IsRunning>
    <IsHomeRangeRelative>True</IsHomeRangeRelative>
    <Objects2>Escortablemage:MX=1:SB=0:RT=0:TO=0:KL=0:RK=0:CA=1:DN=-1:DX=-1:SP=1:PR=-1:OBJ=SeekerOfAdventure:MX=1:SB=0:RT=0:TO=0:KL=0:RK=0:CA=1:DN=-1:DX=-1:SP=1:PR=-1:OBJ=Noble:MX=1:SB=0:RT=0:TO=0:KL=0:RK=0:CA=1:DN=-1:DX=-1:SP=1:PR=-1:OBJ=Peasant:MX=1:SB=0:RT=0:TO=0:KL=0:RK=0:CA=1:DN=-1:DX=-1:SP=1:PR=-1:OBJ=Merchant:MX=1:SB=0:RT=0:TO=0:KL=0:RK=0:CA=1:DN=-1:DX=-1:SP=1:PR=-1:OBJ=BrideGroom:MX=1:SB=0:RT=0:TO=0:KL=0:RK=0:CA=1:DN=-1:DX=-1:SP=1:PR=-1:OBJ=Messenger:MX=1:SB=0:RT=0:TO=0:KL=0:RK=0:CA=1:DN=-1:DX=-1:SP=1:PR=-1:OBJ=EscortableHealer1:MX=1:SB=0:RT=0:TO=0:KL=0:RK=0:CA=1:DN=-1:DX=-1:SP=1:PR=-1</Objects2>
  </Points>
  <Points>
    <Name>Escorts</Name>
    <UniqueId>0187fd52-283a-41d4-a6c3-739bc5c6ea23</UniqueId>
    <Map>Trammel</Map>
    <X>559</X>
    <Y>2135</Y>
    <Width>100</Width>
    <Height>100</Height>
    <CentreX>609</CentreX>
    <CentreY>2185</CentreY>
    <CentreZ>0</CentreZ>
    <Range>5</Range>
    <MaxCount>3</MaxCount>
    <MinDelay>15</MinDelay>
    <MaxDelay>30</MaxDelay>
    <DelayInSec>False</DelayInSec>
    <Duration>0</Duration>
    <DespawnTime>0</DespawnTime>
    <ProximityRange>-1</ProximityRange>
    <ProximityTriggerSound>500</ProximityTriggerSound>
    <TriggerProbability>1</TriggerProbability>
    <InContainer>False</InContainer>
    <MinRefractory>0</MinRefractory>
    <MaxRefractory>0</MaxRefractory>
    <TODStart>0</TODStart>
    <TODEnd>0</TODEnd>
    <TODMode>0</TODMode>
    <KillReset>1</KillReset>
    <ExternalTriggering>False</ExternalTriggering>
    <SequentialSpawning>-1</SequentialSpawning>
    <AllowGhostTriggering>False</AllowGhostTriggering>
    <AllowNPCTriggering>False</AllowNPCTriggering>
    <SpawnOnTrigger>False</SpawnOnTrigger>
    <SmartSpawning>False</SmartSpawning>
    <Team>0</Team>
    <Amount>1</Amount>
    <IsGroup>False</IsGroup>
    <IsRunning>True</IsRunning>
    <IsHomeRangeRelative>True</IsHomeRangeRelative>
    <Objects2>Escortablemage:MX=1:SB=0:RT=0:TO=0:KL=0:RK=0:CA=1:DN=-1:DX=-1:SP=1:PR=-1:OBJ=SeekerOfAdventure:MX=1:SB=0:RT=0:TO=0:KL=0:RK=0:CA=1:DN=-1:DX=-1:SP=1:PR=-1:OBJ=Noble:MX=1:SB=0:RT=0:TO=0:KL=0:RK=0:CA=1:DN=-1:DX=-1:SP=1:PR=-1:OBJ=Peasant:MX=1:SB=0:RT=0:TO=0:KL=0:RK=0:CA=1:DN=-1:DX=-1:SP=1:PR=-1:OBJ=Merchant:MX=1:SB=0:RT=0:TO=0:KL=0:RK=0:CA=1:DN=-1:DX=-1:SP=1:PR=-1:OBJ=BrideGroom:MX=1:SB=0:RT=0:TO=0:KL=0:RK=0:CA=1:DN=-1:DX=-1:SP=1:PR=-1:OBJ=Messenger:MX=1:SB=0:RT=0:TO=0:KL=0:RK=0:CA=1:DN=-1:DX=-1:SP=1:PR=-1:OBJ=EscortableHealer1:MX=1:SB=0:RT=0:TO=0:KL=0:RK=0:CA=1:DN=-1:DX=-1:SP=1:PR=-1</Objects2>
  </Points>
</Spawns>